StartDate,EndDate,Status,IPAddress,Progress,Duration (in seconds),Finished,RecordedDate,ResponseId,RecipientLastName,RecipientFirstName,RecipientEmail,ExternalReference,LocationLatitude,LocationLongitude,DistributionChannel,UserLanguage,Q1,Q2,Q16,Q17,Q14,Q18,Q3_NPS_GROUP,Q3,Q4,Q13,Q5,Q6,Q9,Q19,Q15,Q10,Q20,Q11,Q8_1,Q8_2,Q16,sub,sona
Start Date,End Date,Response Type,IP Address,Progress,Duration (in seconds),Finished,Recorded Date,Response ID,Recipient Last Name,Recipient First Name,Recipient Email,External Data Reference,Location Latitude,Location Longitude,Distribution Channel,User Language,How old are you?,What is your gender?,How did you arrive at this experiment?,"If you chose ""Other"", please specify below:",What is your first language?,"If you chose ""Other"", please specify below:",Would you consider yourself a musical person? - Group,Would you consider yourself a musical person?,How many years of formal musical training do you have?,"If you have had musical training, how old were you during this period (i.e., age-range)?",Do you play any instruments (with or without formal training),Which instruments do you play (if any)?,What general strategy (if any) did you use to judge the similarity across the melodies?,"Did you notice any particular changes in the music? In other words, did you base your discriminations on specific features of the melodies?","If you answered ""yes"" to the question above, please elaborate below",Did this strategy change throughout the task?,"If you answered ""yes"" to the question above, please elaborate below one which (approximate) block you changed your strategy, and how.","Did you listen to the task using headphones or speakers? Please indicate style (in-ear, over-the-ear, studio monitors, etc.), make, and model to the best of your ability",Please indicate your choice below - I understood the instructions of the task,Please indicate your choice below - I found the task difficult,"I feel that I have been adequately debriefed about the nature of the study. The investigator hasexplained the purposes of the research to me, and I feel that any questions I have asked weresatisfactorily answered.",sub,sona
"{""ImportId"":""startDate"",""timeZone"":""America/New_York""}","{""ImportId"":""endDate"",""timeZone"":""America/New_York""}","{""ImportId"":""status""}","{""ImportId"":""ipAddress""}","{""ImportId"":""progress""}","{""ImportId"":""duration""}","{""ImportId"":""finished""}","{""ImportId"":""recordedDate"",""timeZone"":""America/New_York""}","{""ImportId"":""_recordId""}","{""ImportId"":""recipientLastName""}","{""ImportId"":""recipientFirstName""}","{""ImportId"":""recipientEmail""}","{""ImportId"":""externalDataReference""}","{""ImportId"":""locationLatitude""}","{""ImportId"":""locationLongitude""}","{""ImportId"":""distributionChannel""}","{""ImportId"":""userLanguage""}","{""ImportId"":""QID1_TEXT""}","{""ImportId"":""QID3""}","{""ImportId"":""QID22""}","{""ImportId"":""QID23_TEXT""}","{""ImportId"":""QID20""}","{""ImportId"":""QID24_TEXT""}","{""ImportId"":""QID2_NPS_GROUP""}","{""ImportId"":""QID2""}","{""ImportId"":""QID4""}","{""ImportId"":""QID19_TEXT""}","{""ImportId"":""QID5""}","{""ImportId"":""QID6_TEXT""}","{""ImportId"":""QID9_TEXT""}","{""ImportId"":""QID25""}","{""ImportId"":""QID21_TEXT""}","{""ImportId"":""QID10""}","{""ImportId"":""QID26_TEXT""}","{""ImportId"":""QID11_TEXT""}","{""ImportId"":""QID8_1""}","{""ImportId"":""QID8_2""}","{""ImportId"":""QID16""}","{""ImportId"":""sub""}","{""ImportId"":""sona""}"
2021-12-02 10:39:21,2021-12-02 10:40:45,IP Address,216.165.95.160,100,84,True,2021-12-02 10:40:45,R_2VlmNL4rR3iO7EE,,,,,40.73590087890625,-73.9904022216796875,anonymous,EN,18,Female,SONA for course credit,,English,,Detractor,2,1,6-7,No,,I tried to find patterns within the sounds.,No,,No,,airpod 2 headphones,Agree,Strongly Agree,Agree,SSS2v0002,41818
2021-12-02 10:49:53,2021-12-02 10:50:50,IP Address,216.165.95.143,100,56,True,2021-12-02 10:50:50,R_32PiXqi2uXifmmm,,,,,40.73590087890625,-73.9904022216796875,anonymous,EN,19,Male,SONA for course credit,,Chinese (Mandarin),,Detractor,2,0,,No,,,No,,No,,,Strongly Agree,Agree,Agree,SSS2v0001,42091
2021-12-02 10:50:03,2021-12-02 10:52:19,IP Address,216.165.95.176,100,136,True,2021-12-02 10:52:20,R_2v7VpniDaXUEPyK,,,,,40.73590087890625,-73.9904022216796875,anonymous,EN,20,Female,SONA for course credit,,English,,Passive,8,9+,7-20,"Yes, I do alright","Cello, piano, guitar",I compared rhythm and pitch,No,,No,,I used over-the-ear headphones,Strongly Agree,Neither Agree nor Disagree,Agree,SSS2v0004,40759
2021-12-02 11:06:20,2021-12-02 11:08:56,IP Address,75.127.194.190,100,156,True,2021-12-02 11:08:57,R_a31ZD3GyzYgkYg1,,,,,40.7256011962890625,-74.15940093994140625,anonymous,EN,20,Female,SONA for course credit,,English,,Passive,7,9+,5 to 16,"Yes, I do alright",Piano,Tried to remember the melodies by using my fingers as a guidance for the notes,No,,No,,Using earphones,Agree,Agree,Agree,SSS2v0006,41473
2021-12-02 11:29:39,2021-12-02 11:30:41,IP Address,216.165.95.158,100,62,True,2021-12-02 11:30:42,R_3qHypqyciFK7vhW,,,,,40.73590087890625,-73.9904022216796875,anonymous,EN,19,Male,SONA for course credit,,English,,Detractor,2,0,,No,,,No,,No,,in-ear,Agree,Agree,Agree,SSS2v0007,41630
2021-12-02 13:04:11,2021-12-02 13:05:23,IP Address,216.165.95.167,100,71,True,2021-12-02 13:05:23,R_3g0ptzD865FvpxY,,,,,40.73590087890625,-73.9904022216796875,anonymous,EN,18,Male,SONA for course credit,,Chinese (Mandarin),,Detractor,3,0,,No,,,No,,No,,in ear,Agree,Strongly Agree,Agree,SSS2v0013,42074
2021-12-02 13:09:09,2021-12-02 13:09:55,IP Address,68.196.26.144,100,46,True,2021-12-02 13:09:55,R_w4S2XnPkYz5cd2N,,,,,40.9864044189453125,-74.11119842529296875,anonymous,EN,22,Male,SONA for course credit,,English,,Detractor,6,9+,0,No,0,0,No,,No,0,-,Neither Agree nor Disagree,Neither Agree nor Disagree,Agree,SSS2v0011,41515
2021-12-02 14:24:06,2021-12-02 14:26:00,IP Address,71.247.34.137,100,113,True,2021-12-02 14:26:00,R_2xXLOAYV3JsXGWs,,,,,40.7429046630859375,-73.93920135498046875,anonymous,EN,20,Female,SONA for course credit,,Chinese (Mandarin),,Detractor,4,2-3,6-8,No,,,No,,No,,in-ear,Strongly Agree,Agree,Agree,SSS2v0008,42259
2021-12-02 14:42:59,2021-12-02 14:46:25,IP Address,216.165.95.154,100,205,True,2021-12-02 14:46:25,R_1puMxi1zdEf1iHM,,,,,40.73590087890625,-73.9904022216796875,anonymous,EN,20,Female,SONA for course credit,,Chinese (Mandarin),,Detractor,5,9+,6-16,"Yes, I do alright",piano,The flow of the entire section of music,Yes,Some options have significantly higher or lower notes,No,,in-ear headphones,Strongly Agree,Neither Agree nor Disagree,Agree,SSS2v0015,42311
2021-12-02 14:52:14,2021-12-02 14:54:11,IP Address,68.174.84.46,100,116,True,2021-12-02 14:54:11,R_3e9yvbcrfSYseR3,,,,,40.73590087890625,-73.9904022216796875,anonymous,EN,20,Male,SONA for course credit,,English,,Detractor,6,2-3,10-13,"Yes, I do alright","Gutair ",tones that sounded too high or low,No,,No,,Earphones,Strongly Agree,Agree,Agree,SSS2v0019,39908
2021-12-02 14:58:36,2021-12-02 15:00:51,IP Address,216.165.95.145,100,134,True,2021-12-02 15:00:51,R_2YwQKxHuRC3QEqq,,,,,40.73590087890625,-73.9904022216796875,anonymous,EN,18,Female,SONA for course credit,,Other (please specify below):,Marathi,Detractor,5,1,7,"Yes, but not so well",Piano,remembered the tune,Yes,I noticed the sudden changes in the notes.,No,,headphones(in ear),Strongly Agree,Strongly Disagree,Agree,SSS2v0018,41634
2021-12-02 15:13:46,2021-12-02 15:14:48,IP Address,69.117.134.91,100,61,True,2021-12-02 15:14:48,R_32JV4CIPWtkpqqm,,,,,40.792999267578125,-74.02469635009765625,anonymous,EN,19,Male,SONA for course credit,,English,,Detractor,2,0,,No,,I tried to replay the sounds in my head.,No,,No,,Apple Airpods 1st gen,Agree,Agree,Agree,SSS2v0021,41537
2021-12-02 15:26:10,2021-12-02 15:28:02,IP Address,207.172.175.165,100,111,True,2021-12-02 15:28:02,R_3qNyo6RF23Ku81M,,,,,40.7263031005859375,-73.9817962646484375,anonymous,EN,20,Female,SONA for course credit,,Chinese (Mandarin),,Detractor,5,1,,"Yes, but not so well",piano,,No,,No,,headphones,Agree,Agree,Agree,SSS2v0016,42317
2021-12-02 15:26:39,2021-12-02 15:29:24,IP Address,216.165.95.168,100,165,True,2021-12-02 15:29:25,R_1i9TVU3X10lKE0o,,,,,40.73590087890625,-73.9904022216796875,anonymous,EN,28,Male,SONA for course credit,,Other (please specify below):,Korean,Detractor,5,2-3,9-12,"Yes, but not so well",Clarinet,sketched a somewhat-like sound wave,Yes,"I could've identified the difference in pitches and omissions. ",No,,in-ear,Strongly Agree,Agree,Agree,SSS2v0023,41989
2021-12-02 15:39:50,2021-12-02 15:42:37,IP Address,216.165.95.167,100,167,True,2021-12-02 15:42:37,R_2zCqMJx8UmTBBS7,,,,,40.73590087890625,-73.9904022216796875,anonymous,EN,19 years old,Male,SONA for course credit,,English,,Detractor,3,4-5,age range of 5-10,No,,"Tones of the different chords. ",Yes,"I based it on the ending if there were distinct differences. ",No,,in-ear headphones,Strongly Agree,Agree,Agree,SSS2v0020,41747
2021-12-02 16:46:24,2021-12-02 16:49:05,IP Address,216.165.95.177,100,161,True,2021-12-02 16:49:05,R_2S2d7OYwK8grusl,,,,,40.73590087890625,-73.9904022216796875,anonymous,EN,18,Female,SONA for course credit,,Spanish,,Passive,8,2-3,4-7,No,,memory,Yes,"rythm of melodies ",Yes,I started using the strategy around block 4,"In ear headphones, airpods",Strongly Agree,Agree,Agree,SSS2v0027,41909
2021-12-02 16:50:04,2021-12-02 16:52:21,IP Address,74.64.177.194,100,136,True,2021-12-02 16:52:21,R_3PZG4FSpgMq58im,,,,,40.76300048828125,-73.9925994873046875,anonymous,EN,22,Female,SONA for course credit,,English,,Detractor,3,0,,No,,Memory,No,,No,,In-ear,Strongly Agree,Neither Agree nor Disagree,Agree,SSS2v0029,41871
2021-12-02 17:01:59,2021-12-02 17:02:43,IP Address,68.129.210.20,100,43,True,2021-12-02 17:02:43,R_UG54XrqFDM2U1Al,,,,,40.7156982421875,-74,anonymous,EN,21,Male,SONA for course credit,,Chinese (Mandarin),,Detractor,3,6-8,,"Yes, I do alright",piano,,No,,No,,,Agree,Neither Agree nor Disagree,Agree,SSS2v0030,42004
2021-12-02 17:25:11,2021-12-02 17:27:31,IP Address,207.38.154.110,100,139,True,2021-12-02 17:27:32,R_V2wT1hlr65IHOoh,,,,,40.7263031005859375,-73.9817962646484375,anonymous,EN,24,Male,SONA for course credit,,Other (please specify below):,korean,Detractor,0,0,,No,,memorization and tapping fingers,Yes,there were certain tones that are very different from the original,No,,in-ear headphones,Strongly Agree,Strongly Disagree,Agree,SSS2v0035,33891
2021-12-02 17:25:44,2021-12-02 17:28:00,IP Address,216.165.95.156,100,136,True,2021-12-02 17:28:00,R_AcfOPzDoysBdlKh,,,,,40.73590087890625,-73.9904022216796875,anonymous,EN,19,Male,SONA for course credit,,English,,Detractor,6,2-3,12-15,"Yes, I do alright",Violin,"There seemed to be ""one-off"" notes in key or certain additional notes added in",Yes,Sometimes an options would have more or less notes than the test,Yes,There were also times when the key was off,Airpods pro,Strongly Agree,Agree,Agree,SSS2v0036,41892
2021-12-02 17:35:22,2021-12-02 17:36:39,IP Address,108.54.123.147,100,76,True,2021-12-02 17:36:39,R_3MgSSF0U7uzwblw,,,,,40.6114959716796875,-74.01560211181640625,anonymous,EN,21,Male,SONA for course credit,,English,,Detractor,3,0,,No,,,No,,No,,in-ear headphones,Agree,Neither Agree nor Disagree,Agree,SSS2v0032,41979
2021-12-02 17:53:37,2021-12-02 17:56:10,IP Address,216.165.95.169,100,152,True,2021-12-02 17:56:11,R_2a9SnjvMnxnInHk,,,,,40.73590087890625,-73.9904022216796875,anonymous,EN,20,Female,SONA for course credit,,English,,Detractor,3,2-3,6-9,"Yes, but not so well",piano,"I compared the first variation of the melody to the original, and then compared the second variation of the melody to the first variation of the melody.",No,,No,,Apple airpods second generation,Strongly Agree,Strongly Agree,Agree,SSS2v0033,38825
2021-12-02 18:10:53,2021-12-02 18:12:57,IP Address,100.35.185.138,100,123,True,2021-12-02 18:12:57,R_2VfnmfVXd5iuQLF,,,,,40.658203125,-74.22100067138671875,anonymous,EN,21,Female,SONA for course credit,,English,,Detractor,3,0,,No,,,Yes,If the pitch of the notes changed or if they were different notes entirely,No,,"in ear heaphones ",Strongly Agree,Disagree,Agree,SSS2v0038,37241
2021-12-02 18:19:14,2021-12-02 18:20:38,IP Address,216.165.95.163,100,83,True,2021-12-02 18:20:38,R_2t9YgHmAFkcoE3l,,,,,40.73590087890625,-73.9904022216796875,anonymous,EN,20,Female,SONA for course credit,,Other (please specify below):,Korean,Detractor,2,6-8,10-15,"Yes, I do alright",flute,,No,,No,,"earphone, in-ear",Strongly Agree,Strongly Agree,Agree,SSS2v0014,39999
2021-12-02 18:31:20,2021-12-02 18:38:09,IP Address,68.129.200.187,100,409,True,2021-12-02 18:38:10,R_b2ZcG2zHWFZIYKd,,,,,40.7427978515625,-73.97119903564453125,anonymous,EN,20,Male,SONA for course credit,,Chinese (Mandarin),,Detractor,5,0,,No,,no,No,,No,,inear,Neither Agree nor Disagree,Neither Agree nor Disagree,Agree,SSS2v0041,42049
2021-12-02 20:47:02,2021-12-02 20:50:00,IP Address,216.165.95.186,100,178,True,2021-12-02 20:50:00,R_1OlQhALV5bjkIC8,,,,,40.73590087890625,-73.9904022216796875,anonymous,EN,19,Female,SONA for course credit,,English,,Passive,8,9+,nine-present,"Yes, I do alright","clarinet, piano",listen for any weird breaks in the pattern,Yes,i would listen to see if notes sounded out of place,Yes,sometimes i would try to follow whether the notes were going up or down,over the ear beats solo,Strongly Agree,Neither Agree nor Disagree,Agree,SSS2v0045,42306
2021-12-02 21:18:02,2021-12-02 21:19:58,IP Address,216.165.95.181,100,115,True,2021-12-02 21:19:59,R_24oQBNLntsPi0mZ,,,,,40.73590087890625,-73.9904022216796875,anonymous,EN,18,Female,SONA for course credit,,Spanish,,Detractor,4,0,,No,,,No,,No,,headphones,Agree,Neither Agree nor Disagree,Agree,SSS2v0046,41885
2021-12-02 21:38:28,2021-12-02 21:39:44,IP Address,216.165.95.151,100,76,True,2021-12-02 21:39:45,R_QaVZSCBukmUDtXH,,,,,40.73590087890625,-73.9904022216796875,anonymous,EN,20,Female,SONA for course credit,,English,,Detractor,2,0,,No,,no particular strategy just by ear,No,,No,,speakers,Strongly Agree,Strongly Disagree,Agree,SSS2v0047,41242
2021-12-02 21:58:30,2021-12-02 22:01:27,IP Address,71.247.204.161,100,177,True,2021-12-02 22:01:27,R_1o7K291jtJ9YIpJ,,,,,40.7429046630859375,-73.93920135498046875,anonymous,EN,20,Female,SONA for course credit,,English,,Detractor,2,2-3,8-10,"Yes, but not so well","piano, ukulele",i try to memorize it,Yes,"i divide the melody into three parts, the intro, middle and the end. I usually notice that the intro and the end are the same for all options so I tend to focus more of the melodies in the middle.",No,,"in-ear speaker, apple air-pods",Agree,Agree,Agree,SSS2v0049,40130
2021-12-02 22:03:58,2021-12-02 22:05:56,IP Address,216.165.95.193,100,118,True,2021-12-02 22:05:56,R_r858OQDX0Gpr4L7,,,,,40.73590087890625,-73.9904022216796875,anonymous,EN,20,Male,SONA for course credit,,English,,Detractor,2,0,,"Yes, but not so well",PIANO,listened for very distinct notes,No,,No,,"headphones over the ears, steel series wireless headset <3",Agree,Agree,Agree,SSS2v0048,39530
2021-12-02 22:10:16,2021-12-02 22:12:27,IP Address,216.165.95.157,100,130,True,2021-12-02 22:12:28,R_1rMIk18jSg8c0Uj,,,,,40.73590087890625,-73.9904022216796875,anonymous,EN,20,Female,SONA for course credit,,Other (please specify below):,hindi,Detractor,2,0,,"Yes, but not so well",ukelele,,No,,No,,"earphones ",Strongly Agree,Neither Agree nor Disagree,Agree,SSS2v0053,42327
2021-12-02 22:11:34,2021-12-02 22:12:29,IP Address,70.19.55.23,100,55,True,2021-12-02 22:12:30,R_DpFjojo6sKHkOyt,,,,,40.7427978515625,-73.97119903564453125,anonymous,EN,19,Male,SONA for course credit,,English,,Detractor,6,0,,No,,,No,,No,,,Agree,Agree,Agree,SSS2v0054,42005
2021-12-02 22:09:44,2021-12-02 22:15:16,IP Address,108.176.148.174,100,331,True,2021-12-02 22:15:16,R_2E5X5tjEd2kSyYI,,,,,40.75970458984375,-73.9810028076171875,anonymous,EN,22,Male,SONA for course credit,,Chinese (Mandarin),,Promoter,10,9+,"play piano since 5 years old. Learning music theory and composition for 2 years. ","Yes, I do alright","piano, guitar","perceive a melodie piece as more consonance or dissonance ",Yes,"I feel like when the experiment goes on, the more consonant appear in the melodic ",No,,"in-ear headphone ",Agree,Agree,Agree,SSS2v0052,42174
2021-12-02 22:20:03,2021-12-02 22:25:57,IP Address,24.90.211.175,100,353,True,2021-12-02 22:25:58,R_23TSmxLnTExemDp,,,,,40.73590087890625,-73.9904022216796875,anonymous,EN,20,Female,SONA for course credit,,English,,Promoter,10,9+,9-20,"Yes, I do alright","violin, piano","within the same key, rhythm pattern",Yes,melodies with the same beginning and end few notes sounded more similar even if the middles were more different,Yes,sometimes i based it on overall how many notes didn't fit in rather than on patterns,airpods,Strongly Agree,Agree,Agree,SSS2v0050,39113
2021-12-02 23:16:02,2021-12-02 23:18:23,IP Address,216.165.95.145,100,140,True,2021-12-02 23:18:23,R_2Vx80IzPxZU9tpa,,,,,40.73590087890625,-73.9904022216796875,anonymous,EN,20,Female,SONA for course credit,,English,,Detractor,1,0,,No,,Purely just listening for something that pops out as different,No,,No,,airpods,Strongly Agree,Agree,Agree,SSS2v0055,41322
2021-12-02 23:20:37,2021-12-02 23:21:20,IP Address,68.129.230.46,100,43,True,2021-12-02 23:21:21,R_3dRCq96uWzGe3aB,,,,,40.7252044677734375,-73.944000244140625,anonymous,EN,20,Male,SONA for course credit,,Chinese (Mandarin),,Detractor,0,0,,No,,Just by memory,No,,No,,in-ear,Disagree,Strongly Agree,Agree,SSS2v0042,41891
2021-12-02 23:30:18,2021-12-02 23:31:23,IP Address,162.84.164.182,100,64,True,2021-12-02 23:31:24,R_1hRyvnPInosNYWy,,,,,40.7252044677734375,-73.944000244140625,anonymous,EN,21,Male,SONA for course credit,,Chinese (Mandarin),,Detractor,0,0,,No,,feeling,No,,No,,speakers,Strongly Agree,Strongly Agree,Agree,SSS2v0057,41631
2021-12-03 00:42:58,2021-12-03 00:44:47,IP Address,173.68.163.157,100,109,True,2021-12-03 00:44:48,R_3EZ2ai9xpoUmR6J,,,,,40.75030517578125,-74.00140380859375,anonymous,EN,19,Female,SONA for course credit,,Chinese (Mandarin),,Detractor,5,9+,5,"Yes, I do alright",Guzheng,,Yes,The ending,No,,speakers,Agree,Strongly Disagree,Agree,SSS2v0060,40657
2021-12-03 01:40:49,2021-12-03 01:43:22,IP Address,173.68.163.157,100,152,True,2021-12-03 01:43:23,R_3Pczo066jSxTen4,,,,,40.75030517578125,-74.00140380859375,anonymous,EN,19,Male,SONA for course credit,,Chinese (Mandarin),,Detractor,6,1,14,"Yes, but not so well",Guitar,By hearing the change of tones,No,,No,,In ear headphones,Strongly Disagree,Neither Agree nor Disagree,Agree,SSS2v0062,40758
2021-12-03 13:23:36,2021-12-03 13:25:17,IP Address,216.165.95.179,100,100,True,2021-12-03 13:25:18,R_1HekcLI2HRb6CQt,,,,,40.73590087890625,-73.9904022216796875,anonymous,EN,18,Female,SONA for course credit,,English,,Detractor,0,0,,No,,,Yes,"changes in tone. Some were lower volume than others ",No,,in-ear headphone,Agree,Neither Agree nor Disagree,Agree,SSS2v0022,41490
2021-12-03 13:38:16,2021-12-03 13:39:23,IP Address,69.114.112.225,100,66,True,2021-12-03 13:39:23,R_3s1DncPoHfLvKFk,,,,,40.622100830078125,-73.9810028076171875,anonymous,EN,18,Female,Poeppel Lab Website,,English,,Passive,7,0,,No,,,No,,No,,,Strongly Agree,Disagree,Agree,SSS2v0066,41859
2021-12-03 15:05:56,2021-12-03 15:07:06,IP Address,65.88.88.201,100,70,True,2021-12-03 15:07:06,R_BJQBBsDwUIFRoDT,,,,,40.8123016357421875,-73.96820068359375,anonymous,EN,18,Female,SONA for course credit,,English,,Detractor,3,0,,No,,,No,,No,,in-ear,Strongly Agree,Disagree,Agree,SSS2v0069,42137
2021-12-03 15:15:00,2021-12-03 15:16:09,IP Address,216.165.95.84,100,68,True,2021-12-03 15:16:09,R_1mXgn2escCnAgRd,,,,,40.73590087890625,-73.9904022216796875,anonymous,EN,21,Male,SONA for course credit,,Chinese (Mandarin),,Passive,7,6-8,8-14,"Yes, I do alright",piano,,No,,No,,,Strongly Agree,Agree,Agree,SSS2v0068,42093
2021-12-03 16:18:17,2021-12-03 16:19:59,IP Address,107.77.226.219,100,101,True,2021-12-03 16:19:59,R_1Nbkel40WpJQGvy,,,,,40.8621978759765625,-73.89019775390625,anonymous,EN,22,Male,SONA for course credit,,English,,Passive,7,4-5,13-18,"Yes, I do alright","guitar and sing ",none,No,,No,,headphones,Agree,Agree,Agree,SSS2v0072,39299
2021-12-03 16:26:12,2021-12-03 16:27:07,IP Address,216.165.95.174,100,55,True,2021-12-03 16:27:08,R_2WSh7HPLBc0YTcj,,,,,40.73590087890625,-73.9904022216796875,anonymous,EN,20,Female,SONA for course credit,,English,,Passive,7,4-5,12-17,"Yes, but not so well","piano, cello",memory,No,,No,,over the head headphones,Strongly Agree,Strongly Agree,Agree,SSS2v0071,42021
2021-12-03 17:05:55,2021-12-03 17:08:06,IP Address,74.71.92.125,100,131,True,2021-12-03 17:08:07,R_2rH1n7XlzbtIuB5,,,,,40.781005859375,-73.950103759765625,anonymous,EN,19,Female,SONA for course credit,,English,,Passive,8,9+,9,"Yes, I am near professional","cello, bass, guitar",none,No,,No,,"headphones, over the ears",Disagree,Agree,Agree,SSS2v0070,42319
2021-12-03 18:32:01,2021-12-03 18:33:55,IP Address,74.90.168.184,100,114,True,2021-12-03 18:33:56,R_3qU5oWW2bz90eAK,,,,,40.831207275390625,-73.90670013427734375,anonymous,EN,19,Female,SONA for course credit,,English,,Passive,7,9+,5 years old,"Yes, I do alright",Piano,,No,,No,,"Headphones - airpods ",Agree,Disagree,Agree,SSS2v0074,41765
2021-12-03 18:52:53,2021-12-03 18:54:30,IP Address,67.243.248.69,100,97,True,2021-12-03 18:54:31,R_1ePf7SvmOVnYCGM,,,,,40.738006591796875,-73.98580169677734375,anonymous,EN,23,Female,SONA for course credit,,English,,Detractor,5,0,,No,,short term memory,Yes,just slight variations of notes in melodies,No,,apple headphones,Agree,Neither Agree nor Disagree,Agree,SSS2v0077,42228
2021-12-03 18:57:21,2021-12-03 18:59:16,IP Address,72.229.112.155,100,115,True,2021-12-03 18:59:16,R_3IYUZTn3VxNCISJ,,,,,40.7279052734375,-73.9965972900390625,anonymous,EN,19,Female,SONA for course credit,,English,,Passive,7,9+,5-17,No,piano,"it was difficult, but i tried memorizing the beginning and last note",No,,No,,in ear airpods,Agree,Agree,Agree,SSS2v0078,40695
2021-12-03 20:59:32,2021-12-03 21:01:19,IP Address,207.237.43.176,100,106,True,2021-12-03 21:01:19,R_3ffMxXPQbUtDRzS,,,,,40.7588958740234375,-73.991302490234375,anonymous,EN,21,Female,SONA for course credit,,English,,Detractor,0,0,,No,,,No,,No,,headphones (in ear),Strongly Agree,Strongly Disagree,Agree,SSS2v0064,38685
2021-12-03 22:15:21,2021-12-03 22:18:12,IP Address,47.17.209.34,100,170,True,2021-12-03 22:18:12,R_2aJFWX5EPuzH6Dv,,,,,40.8777008056640625,-73.90799713134765625,anonymous,EN,22,Female,SONA for course credit,,Spanish,,Detractor,4,0,,No,,"focusing on part of the melody ",No,,No,,"in-ear headphones ",Strongly Agree,Agree,Agree,SSS2v0082,36215
2021-12-03 22:21:02,2021-12-03 22:23:10,IP Address,69.201.177.53,100,127,True,2021-12-03 22:23:10,R_Ap1NcJvkZZcuRBT,,,,,40.75970458984375,-73.9810028076171875,anonymous,EN,19,Female,SONA for course credit,,English,,Passive,8,6-8,9-17,No,violin,"intonation, guessing.",Yes,intonation changes,No,,in-ear 1st generation airpods,,Agree,Agree,SSS2v0083,42227
2021-12-03 22:51:26,2021-12-03 22:55:11,IP Address,216.165.95.148,100,224,True,2021-12-03 22:55:11,R_1psds5Dh5GsvwmY,,,,,40.73590087890625,-73.9904022216796875,anonymous,EN,19,Female,SONA for course credit,,Other (please specify below):,Japanese,Passive,8,2-3,5-7,"Yes, but not so well",piano,,No,,No,,"in-ear, regular white ear buds",Strongly Agree,Strongly Agree,Agree,SSS2v0084,41437
2021-12-04 00:15:33,2021-12-04 00:16:36,IP Address,216.165.95.156,100,63,True,2021-12-04 00:16:36,R_2uErzojXONxTC18,,,,,40.73590087890625,-73.9904022216796875,anonymous,EN,19,Male,SONA for course credit,,Chinese (Mandarin),,Detractor,0,0,,No,,closing my eyes and count the beats,No,,No,,headphones,Agree,Agree,Agree,SSS2v0009,40661
2021-12-04 01:33:54,2021-12-04 01:54:02,IP Address,216.165.95.143,100,1207,True,2021-12-04 01:54:02,R_OpckwASAYCYE9TX,,,,,40.73590087890625,-73.9904022216796875,anonymous,EN,18,Female,SONA for course credit,,Chinese (Mandarin),,Detractor,3,6-8,6-18,"Yes, I do alright","piano, flute",no,No,,No,,in-ear,Agree,Agree,Agree,SSS2v0087,41941
2021-12-04 03:47:08,2021-12-04 03:49:11,IP Address,108.27.53.244,100,122,True,2021-12-04 03:49:12,R_3I5nedyX9dG0sFp,,,,,40.7263031005859375,-73.9817962646484375,anonymous,EN,22,Female,SONA for course credit,,English,,Detractor,0,0,,"Yes, but not so well",piano and flute,my memory and the notes,Yes,different key; pitch,No,,headphones,Strongly Agree,Neither Agree nor Disagree,Agree,SSS2v0090,41105
2021-12-04 13:50:32,2021-12-04 13:51:31,IP Address,216.165.95.190,100,59,True,2021-12-04 13:51:31,R_24nE7OQst9wJPb9,,,,,40.73590087890625,-73.9904022216796875,anonymous,EN,18,Female,SONA for course credit,,Chinese (Mandarin),,Detractor,6,4-5,,"Yes, but not so well",Violin,,Yes,,Yes,,,,,Agree,SSS2v0091,41862
2021-12-04 15:02:07,2021-12-04 15:04:30,IP Address,216.165.95.134,100,143,True,2021-12-04 15:04:31,R_24ibMNrJxxM6ntz,,,,,40.73590087890625,-73.9904022216796875,anonymous,EN,20,Male,SONA for course credit,,English,,Promoter,10,9+,6-20,"Yes, I am near professional","Clarinet, Saxophone, Bassoon, Piano","Cadences, Note alterations, interval differences, key changes",Yes,"Sometimes the key would change, other times there were noticeable differences in intervals, like a half step would turn into a tritone",No,,in-ear headphones,Strongly Agree,Disagree,Agree,SSS2v0092,41645
2021-12-04 15:36:51,2021-12-04 15:39:02,IP Address,24.152.225.245,100,130,True,2021-12-04 15:39:03,R_2VjQ4Oa2cmg4GVl,,,,,41.184906005859375,-75.3860015869140625,anonymous,EN,19,Female,SONA for course credit,,English,,Detractor,3,2-3,8-9,"Yes, but not so well","piano, recorder","the pitch, and how it felt in my ears ",No,,No,,"using airpod pros ",Agree,Strongly Agree,Agree,SSS2v0093,42085
2021-12-04 15:51:30,2021-12-04 15:52:45,IP Address,216.165.95.185,100,75,True,2021-12-04 15:52:45,R_d0d6NS0JnTWodcl,,,,,40.73590087890625,-73.9904022216796875,anonymous,EN,19,Female,SONA for course credit,,Other (please specify below):,Korean,Detractor,3,2-3,12-15,"Yes, I do alright","Cello, Piano",Instinct,No,,No,,In-ear headphones.,Strongly Agree,Strongly Agree,Agree,SSS2v0094,40822
2021-12-04 16:27:31,2021-12-04 16:29:51,IP Address,216.165.95.140,100,140,True,2021-12-04 16:29:52,R_2Ytcf9lW3C34h50,,,,,40.73590087890625,-73.9904022216796875,anonymous,EN,18,Male,SONA for course credit,,Chinese (Mandarin),,Detractor,3,0,,"Yes, but not so well",guitar,find some unique nodes,Yes,I focus on the change of pitch,No,,over-the-year headphones,Strongly Agree,Agree,Agree,SSS2v0096,42332
2021-12-04 17:13:36,2021-12-04 17:18:01,IP Address,73.195.102.44,100,264,True,2021-12-04 17:18:02,R_6rpRRMe12K7pBcd,,,,,40.5836944580078125,-74.41359710693359375,anonymous,EN,20,Female,SONA for course credit,,Spanish,,Passive,8,6-8,12-18,"Yes, I do alright","guitar and ukulele ",pitch and tempo,Yes,"mainly in pitch/ change in notes, so there would be times when the note should have been higher but it stayed the same or when an extra note was added as well. ",No,,In- ear headphones. They are the old apple ones that connect to the MacBook Air. It's with the circular plug in not the usb looking one that newer headphones come as.,Strongly Agree,Disagree,Agree,SSS2v0095,42088
2021-12-04 18:20:10,2021-12-04 18:23:40,IP Address,216.165.95.143,100,210,True,2021-12-04 18:23:40,R_1gSJYpC9bmkHtVp,,,,,40.73590087890625,-73.9904022216796875,anonymous,EN,19,Male,SONA for course credit,,English,,Passive,7,6-8,7-14,"Yes, I am near professional","Piano, Percussion (mallet instruments)",focus on certain parts and notice if there were shifts in tones,No,,No,,in-ear airpod pros,Strongly Agree,Disagree,Agree,SSS2v0098,39138
2021-12-04 19:17:50,2021-12-04 19:19:29,IP Address,184.152.232.101,100,98,True,2021-12-04 19:19:30,R_2zkzdsWrFyWu8KT,,,,,40.7427978515625,-73.97119903564453125,anonymous,EN,,Female,SONA for course credit,,Chinese (Mandarin),,Detractor,5,0,,"Yes, but not so well",Guitar,,No,,,,in-ear,Agree,Strongly Agree,Disagree,SSS2v0099,42337
2021-12-04 19:18:06,2021-12-04 19:21:43,IP Address,216.165.95.175,100,216,True,2021-12-04 19:21:43,R_ST2IDkh3CacIyw9,,,,,40.73590087890625,-73.9904022216796875,anonymous,EN,19,Male,SONA for course credit,,English,,Detractor,5,0,,No,,,No,,,,I used over-the-ear Studio 3 Wireless Beats headphones,Strongly Agree,Neither Agree nor Disagree,Agree,SSS2v0100,38854
2021-12-04 19:26:53,2021-12-04 19:28:30,IP Address,68.173.150.15,100,96,True,2021-12-04 19:28:30,R_2R3NBdmlHEDQIoY,,,,,40.73590087890625,-73.9904022216796875,anonymous,EN,21,Male,SONA for course credit,,English,,Detractor,0,0,,No,,"I just went with my instinct ",Yes,"like the tone or in some instances the gaps between the beats ",No,,"over the ear gaming headset, astro a50 wireless ",Strongly Agree,Strongly Agree,Agree,SSS2v0101,41932
2021-12-04 19:34:16,2021-12-04 19:35:22,IP Address,216.165.95.191,100,66,True,2021-12-04 19:35:23,R_rkc3dRN8OUHGh9v,,,,,40.73590087890625,-73.9904022216796875,anonymous,EN,21,Female,SONA for course credit,,Chinese (Mandarin),,Detractor,4,1,8-9,No,,no,No,,No,,laptop speaker,Agree,Agree,Agree,SSS2v0043,41966
2021-12-04 19:59:11,2021-12-04 20:05:08,IP Address,216.165.95.169,100,357,True,2021-12-04 20:05:09,R_2zMaiDTln0zV993,,,,,40.73590087890625,-73.9904022216796875,anonymous,EN,21,Female,SONA for course credit,,English,,Passive,8,6-8,11-18,"Yes, I do alright","Guitar, Piano, Saxophone, Ukelele","Listen to the entire line of the melody and recognise any discrepancies between the pitch of the notes ",Yes,"All the melodies where quite similar in each set, the difference seemed to be in one or two notes being moved up or down in pitch",No,,in-ear Headphones,Strongly Agree,Agree,Agree,SSS2v0097,41621
2021-12-04 20:28:31,2021-12-04 20:30:22,IP Address,216.165.95.182,100,110,True,2021-12-04 20:30:23,R_2dW0ALjwKwD7HoZ,,,,,40.73590087890625,-73.9904022216796875,anonymous,EN,18,Female,SONA for course credit,,Other (please specify below):,Korean,Detractor,6,6-8,middle school - high school,"Yes, I do alright","trumpet ",I used difference in pitches or tones,No,,No,,speakers airpods max,Agree,Agree,Agree,SSS2v0105,41738
2021-12-04 20:27:49,2021-12-04 20:39:41,IP Address,216.165.95.175,100,712,True,2021-12-04 20:39:42,R_2B9bncfXbacCeM1,,,,,40.73590087890625,-73.9904022216796875,anonymous,EN,18,Male,SONA for course credit,,English,,Detractor,3,2-3,,No,,,No,,No,,Yes,Agree,Agree,Agree,SSS2v0075,41886
2021-12-04 20:41:06,2021-12-04 20:43:30,IP Address,100.37.7.218,100,144,True,2021-12-04 20:43:31,R_32WMTRlbCiWfSFS,,,,,40.7328948974609375,-73.71820068359375,anonymous,EN,23,Male,SONA for course credit,,English,,Detractor,5,1,16,"Yes, but not so well",Trombone,pay attention to pitch changes.,Yes,"sometimes i would hear the pitch change, or extra sounds included when they should not have been",Yes,"When they were very similar, I was forced to press G",AirPods Pro,Strongly Agree,Agree,Agree,SSS2v0103,42320
2021-12-04 21:52:19,2021-12-04 21:53:52,IP Address,72.226.35.68,100,93,True,2021-12-04 21:53:52,R_1eViGkmLAHmrYuW,,,,,40.7465057373046875,-73.90899658203125,anonymous,EN,19,Female,SONA for course credit,,Other (please specify below):,bangali,Detractor,0,0,,No,,,No,,Yes,I tried to humm the sounds,headphones,Agree,Neither Agree nor Disagree,Agree,SSS2v0107,42167
2021-12-04 21:58:48,2021-12-04 22:02:14,IP Address,216.165.95.139,100,206,True,2021-12-04 22:02:15,R_1CqIBhIW3p8b4iA,,,,,40.73590087890625,-73.9904022216796875,anonymous,EN,21,Male,SONA for course credit,,Other (please specify below):,Tagalog (Filipino),Detractor,2,0,,"Yes, but not so well",Piano,Changes in pitch,Yes,I mainly noticed changes with high pitch. Certain high pitches I found were more memorable and changes in those for me made it quite obvious (assuming I was correct),No,,In-ear noise- cancelling headphones (Sony XM4s),Strongly Agree,Agree,Agree,SSS2v0109,41695
2021-12-04 23:08:41,2021-12-04 23:10:35,IP Address,216.165.95.139,100,114,True,2021-12-04 23:10:35,R_3fkqYCoeDydFCpS,,,,,40.73590087890625,-73.9904022216796875,anonymous,EN,20,Male,SONA for course credit,,English,,Detractor,5,2-3,Middle School,No,,Try to memorize the melodic patterns,Yes,I tried to recognize if there were any differences in certain parts of the melodies,No,,over-the-ear,Agree,Agree,Agree,SSS2v0108,41975
2021-12-04 23:21:44,2021-12-04 23:23:55,IP Address,71.167.234.34,100,131,True,2021-12-04 23:23:56,R_21iELIy4QJz9ayw,,,,,40.7156982421875,-74,anonymous,EN,24,Male,SONA for course credit,,Chinese (Mandarin),,Detractor,6,0,,"Yes, but not so well",piano,no,No,,No,,in-ear,Neither Agree nor Disagree,Agree,Disagree,SSS2v0110,39677
2021-12-05 02:20:27,2021-12-05 02:22:20,IP Address,108.29.125.19,100,113,True,2021-12-05 02:22:21,R_32OSb5jP6CJ4guT,,,,,40.6537017822265625,-73.7151031494140625,anonymous,EN,18,Male,SONA for course credit,,English,,Detractor,1,0,,No,,just listening,No,,No,,airpods pro,Strongly Agree,Strongly Agree,Agree,SSS2v0111,41879
2021-12-05 05:22:10,2021-12-05 05:24:07,IP Address,68.195.53.20,100,117,True,2021-12-05 05:24:08,R_23V1PDloLMd3fke,,,,,40.8280029296875,-73.868499755859375,anonymous,EN,20,Female,SONA for course credit,,English,,Detractor,3,0,,No,,,No,,No,,Airpod Pros,Agree,Strongly Agree,Agree,SSS2v0112,42141
2021-12-05 15:15:18,2021-12-05 15:18:35,IP Address,216.165.95.185,100,196,True,2021-12-05 15:18:35,R_3EsZyO4HIcljZI4,,,,,40.73590087890625,-73.9904022216796875,anonymous,EN,20,Female,SONA for course credit,,English,,Detractor,6,0,6-13 (private lessons),"Yes, but not so well",violin,see if any sounds match the initial sound,Yes,high/flat notes; additional notes,Yes,I developed my strategy and began focusing on sound changes between particular high/low notes,in-ear headphones,Strongly Agree,Neither Agree nor Disagree,Agree,SSS2v0115,39095
2021-12-05 16:05:34,2021-12-05 16:07:54,IP Address,216.165.95.182,100,140,True,2021-12-05 16:07:56,R_1JQwc7NovPY60RD,,,,,40.73590087890625,-73.9904022216796875,anonymous,EN,20,Female,SONA for course credit,,English,,Passive,7,2-3,8-13,"Yes, I do alright","Piano, Guitar","I tried to pick out the main notes, and then listen for any deviations or extra notes apart from them",No,,No,,"Over the ear EKSA gaming headphones ",Strongly Agree,Disagree,Agree,SSS2v0116,42338
2021-12-05 18:19:37,2021-12-05 18:20:39,IP Address,24.193.39.13,100,61,True,2021-12-05 18:20:39,R_2BlnWISh11b6T9d,,,,,40.76519775390625,-73.95880126953125,anonymous,EN,21,Female,SONA for course credit,,Spanish,,Detractor,0,0,,No,,,No,,No,,in ear,Strongly Agree,Strongly Agree,Agree,SSS2v0113,39353
2021-12-05 18:26:35,2021-12-05 18:35:39,IP Address,173.70.226.245,100,543,True,2021-12-05 18:35:39,R_2fI1255GIESe9sh,,,,,40.742401123046875,-74.032501220703125,anonymous,EN,23,Female,SONA for course credit,,Other (please specify below):,Korean,Detractor,4,6-8,8-16,"Yes, I do alright","Cello, piano, recorder ","pitch, interval",Yes,"play in lower or different pitch (sharp notes or flat notes) ",Yes,adding irregular notes,"I used earphones ",Agree,Neither Agree nor Disagree,Agree,SSS2v0120,42261
2021-12-05 18:41:22,2021-12-05 18:45:22,IP Address,216.165.95.144,100,240,True,2021-12-05 18:45:22,R_3EVY5QJZRubr5FH,,,,,40.73590087890625,-73.9904022216796875,anonymous,EN,19,Female,SONA for course credit,,English,,Detractor,6,9+,I started playing piano when I was 4 and played until I was 9. I started playing violin when I was 6 and played until I was nine. Both of those were private lessons/training. I played trombone in my school band/orchestra from 4th grade through 12th grade (9 years old to 17 years old).,"Yes, but not so well","Trombone, some piano",I tried to envision the notes being played on the piano to help me gage which were higher or lower.,No,,No,,Headphone (airpods),Strongly Agree,Agree,Agree,SSS2v0119,42333
2021-12-05 21:53:01,2021-12-05 21:54:12,IP Address,216.165.95.170,100,71,True,2021-12-05 21:54:12,R_2uKRzbiHRnkWO8D,,,,,40.73590087890625,-73.9904022216796875,anonymous,EN,19,Female,SONA for course credit,,English,,Detractor,6,2-3,16,"Yes, I do alright","piano, guitar",n/a,No,,No,,in-ear,Strongly Agree,Neither Agree nor Disagree,Agree,SSS2v0123,41568
2021-12-05 22:30:42,2021-12-05 22:33:02,IP Address,38.89.150.195,100,140,True,2021-12-05 22:33:03,R_3RrzVbIMP9ajKCn,,,,,40.73590087890625,-73.9904022216796875,anonymous,EN,20,Female,SONA for course credit,,Other (please specify below):,italian,Detractor,6,2-3,12-15,No,,"looking for the difference in the middle notes ",No,,Yes,"I started trying to memorise the initial melody more ","in ear - earphones ",Strongly Agree,Agree,Agree,SSS2v0125,41804
2021-12-05 22:51:21,2021-12-05 22:54:24,IP Address,207.172.164.53,100,183,True,2021-12-05 22:54:24,R_1LnuosYPh87C412,,,,,40.7429046630859375,-73.93920135498046875,anonymous,EN,21,Male,SONA for course credit,,Chinese (Mandarin),,Detractor,5,6-8,6-12,"Yes, I do alright",piano,just try to focus on it,No,,No,,speakers,Agree,Strongly Agree,Agree,SSS2v0126,42330
2021-12-05 23:42:13,2021-12-05 23:46:40,IP Address,68.173.156.227,100,266,True,2021-12-05 23:46:40,R_3oYH3GUlIg1WeU2,,,,,40.73590087890625,-73.9904022216796875,anonymous,EN,20,Male,SONA for course credit,,English,,Passive,7,4-5,9-13,"Yes, I do alright",Piano,,Yes,,No,,In ear bluetooth earbuds,Strongly Agree,Strongly Agree,Agree,SSS2v0127,40998
2021-12-06 01:42:31,2021-12-06 01:45:31,IP Address,72.225.163.12,100,180,True,2021-12-06 01:45:32,R_rrw8OBFR3bfIQSt,,,,,40.73590087890625,-73.9904022216796875,anonymous,EN,21,Male,SONA for course credit,,English,,Detractor,2,1,13-14,No,,Sound and memory,Yes,I tried to remember the pattern and tone and then see when it was slightly different,No,,over-the-ear Sony WH-XB900N,Strongly Agree,Strongly Agree,Agree,SSS2v0133,42295
2021-12-06 04:28:51,2021-12-06 04:30:37,IP Address,206.71.229.163,100,106,True,2021-12-06 04:30:37,R_3egZZxHFKeNTgE2,,,,,40.73590087890625,-73.9904022216796875,anonymous,EN,21,Female,SONA for course credit,,Other (please specify below):,Korean,Detractor,0,4-5,"8~10, 15~17","Yes, but not so well",flute,"none, just feeling",No,,No,,"headphone, in-ear. AKG, not sure about model.",Agree,Strongly Agree,Agree,SSS2v0137,41612
2021-12-06 08:30:50,2021-12-06 08:32:08,IP Address,119.13.80.115,100,78,True,2021-12-06 08:32:08,R_1kXhq62BbpP1UTo,,,,,39.928497314453125,116.385009765625,anonymous,EN,21,Male,SONA for course credit,,Chinese (Mandarin),,Passive,8,4-5,11-15,"Yes, but not so well",piano,try to observe the patterns,No,,No,,over-the-ear headphones,Agree,Agree,Agree,SSS2v0138,42053
2021-12-06 13:11:05,2021-12-06 13:12:25,IP Address,216.165.95.131,100,79,True,2021-12-06 13:12:25,R_1nT0rNTuEyBG1a7,,,,,40.73590087890625,-73.9904022216796875,anonymous,EN,19,Female,SONA for course credit,,Chinese (Mandarin),,Detractor,2,2-3,,"Yes, I do alright",piano,,No,,No,,headphones  inear,Strongly Agree,Agree,Agree,SSS2v0140,41477
2021-12-06 13:12:58,2021-12-06 13:17:15,IP Address,216.165.95.182,100,256,True,2021-12-06 13:17:15,R_2ZDFY59DHjcSBjx,,,,,40.73590087890625,-73.9904022216796875,anonymous,EN,19,Male,SONA for course credit,,English,,Detractor,6,1,17-18,"Yes, but not so well","piano, guitar",I listened to the notes and tempo of the melodies and counted each note with my finger.,Yes,"one note was higher/lower, there was a reputation of the same two notes, one melody was a note longer/shorter",Yes,Well in the beginning I was doing it by ear but after the 2nd block I changed my strategy to reflect what I wrote down.,In-ear-monitors. IEMs,Strongly Agree,Disagree,Agree,SSS2v0141,41763
2021-12-06 13:39:06,2021-12-06 13:41:45,IP Address,68.174.84.125,100,158,True,2021-12-06 13:41:45,R_2riKDpZkoHd8GU1,,,,,40.73590087890625,-73.9904022216796875,anonymous,EN,20,Female,SONA for course credit,,English,,Detractor,6,4-5,11-16,"Yes, but not so well",Piano,Major minor/1 wrong key versus several wrong keys,Yes,"I could often tell exactly which note/s were different, and how the notes sometimes changed the melody from major to minor or vice versa.",No,,Apple earphones,Strongly Agree,Neither Agree nor Disagree,Agree,SSS2v0145,41937
2021-12-06 13:56:12,2021-12-06 14:02:45,IP Address,74.72.35.81,100,392,True,2021-12-06 14:02:45,R_1f3dJMDZ2cgs2az,,,,,40.76519775390625,-73.95880126953125,anonymous,EN,41,Female,SONA for course credit,,English,,Detractor,5,2-3,8 to 10 years old,"Yes, but not so well",piano,"listened more intently to the end of the melody ",Yes,towards end of melody,Yes,"I payed attention to the mid part, where I heard a slight change I think","Headphones, over ear, Beats brand",Strongly Agree,Neither Agree nor Disagree,Agree,SSS2v0144,42277
2021-12-06 15:37:03,2021-12-06 15:39:28,IP Address,216.165.95.142,100,144,True,2021-12-06 15:39:29,R_12xNHuksnJIiW3j,,,,,40.73590087890625,-73.9904022216796875,anonymous,EN,20,Female,SONA for course credit,,English,,Detractor,0,0,,No,,"No ""strategy"" really, just whichever sounded more different. ",Yes,whether it seemed to contained higher/lower pitches,No,,in-ear headphones (air pods pro),Strongly Agree,Agree,Agree,SSS2v0147,41187
2021-12-06 17:40:09,2021-12-06 17:42:22,IP Address,108.41.197.61,100,133,True,2021-12-06 17:42:23,R_3Mll9MVGgFn27pn,,,,,40.694000244140625,-73.9900970458984375,anonymous,EN,19,Male,SONA for course credit,,English,,Passive,7,6-8,10-18,"Yes, I do alright","guitar, cajon, vocals","the way the melody moved, up or down and the pattern of those movements.",No,,Yes,at first I tried to find single note discrepancies but then I just listened to it as a whole and tried to figure out off of feeling.,"yes, over-ear",Strongly Agree,Strongly Agree,Agree,SSS2v0150,41730
2021-12-06 18:10:55,2021-12-06 18:12:04,IP Address,98.7.237.228,100,68,True,2021-12-06 18:12:04,R_WlEDLzIkK4CLNjH,,,,,40.7156982421875,-74,anonymous,EN,20,Female,SONA for course credit,,English,,Detractor,6,2-3,10-14,"Yes, I do alright",piano,noting the off key notes,Yes,change in key,No,,speakers,Strongly Agree,Strongly Agree,Agree,SSS2v0149,41890
2021-12-06 18:48:38,2021-12-06 18:50:47,IP Address,216.165.95.166,100,129,True,2021-12-06 18:50:47,R_1kS2AMPmmDmu1xk,,,,,40.73590087890625,-73.9904022216796875,anonymous,EN,19,Female,SONA for course credit,,English,,Detractor,4,0,,"Yes, but not so well",Guitar,"Tapping my fingers, repeating the melody in my head ",No,,Yes,"I first used the memorization strategy, then tapping my fingers, then I did visualization",Headphones,Agree,Strongly Agree,Agree,SSS2v0152,42087
2021-12-06 19:03:15,2021-12-06 19:05:47,IP Address,216.165.95.187,100,152,True,2021-12-06 19:05:48,R_3fTXSKBRhbsebTy,,,,,40.73590087890625,-73.9904022216796875,anonymous,EN,21,Female,SONA for course credit,,English,French,Detractor,2,1,11,No,,"closing my eyes and trying to visualize the sounds ",Yes,some times the notes would be lower than they originally seemed,No,,"headphones in ear ",Strongly Agree,Strongly Agree,Agree,SSS2v0158,42123
2021-12-06 19:10:04,2021-12-06 19:12:54,IP Address,216.165.95.172,100,170,True,2021-12-06 19:12:55,R_1llU0VunHH9Kz8e,,,,,40.73590087890625,-73.9904022216796875,anonymous,EN,18,Male,SONA for course credit,,Chinese (Mandarin),,Detractor,3,0,,"Yes, but not so well",Guitar,Just paying attention,No,,No,,in-ear,Strongly Agree,Agree,Agree,SSS2v0157,41976
2021-12-06 20:51:02,2021-12-06 20:54:15,IP Address,98.113.26.62,100,193,True,2021-12-06 20:54:15,R_abN9gNBA4zOHxDj,,,,,40.6739959716796875,-73.97010040283203125,anonymous,EN,22,Female,SONA for course credit,,Chinese (Mandarin),,Detractor,2,1,11,"Yes, but not so well",violin,,No,,No,,airpod,Strongly Agree,Agree,Agree,SSS2v0153,39181
2021-12-06 21:06:31,2021-12-06 21:09:32,IP Address,68.174.47.200,100,181,True,2021-12-06 21:09:33,R_2sdP0Ty13jHh9RJ,,,,,40.75030517578125,-74.00140380859375,anonymous,EN,21,Female,SONA for course credit,,English,,Detractor,6,1,7,No,,"I tried to remember key parts of the test melody, and noticed if either option stood out to me as being different from these key features.",Yes,Sometimes I would notice that a lower/higher note was played in one of the options than was played at that part of the test melody.,No,,I used in-ear earbuds from apple,Strongly Agree,Agree,Agree,SSS2v0160,37119
2021-12-06 21:18:06,2021-12-06 21:19:29,IP Address,216.165.95.172,100,83,True,2021-12-06 21:19:29,R_2AEgP3zQBbDMLgl,,,,,40.73590087890625,-73.9904022216796875,anonymous,EN,18,Female,SONA for course credit,,English,,Detractor,0,2-3,8-10,"Yes, but not so well",,,Yes,the pitches,Yes,3 had more pitches,airpods,Strongly Agree,Strongly Agree,Agree,SSS2v0159,41943
2021-12-06 22:03:48,2021-12-06 22:05:44,IP Address,216.165.95.189,100,116,True,2021-12-06 22:05:45,R_1l5EjayxXSAgGW1,,,,,40.73590087890625,-73.9904022216796875,anonymous,EN,19,Male,SONA for course credit,,English,,Passive,7,6-8,5-13,"Yes, I do alright",Piano,"Beginning, ending, themes",No,,Yes,block 4 and i started paying more attention to the last few notes,"in ear air pod pros ",Strongly Agree,Agree,Agree,SSS2v0162,42019
2021-12-06 22:58:26,2021-12-06 23:00:32,IP Address,216.165.95.158,100,125,True,2021-12-06 23:00:32,R_2YVYX0Pv0FFTWiT,,,,,40.73590087890625,-73.9904022216796875,anonymous,EN,20,Female,SONA for course credit,,English,,Promoter,10,9+,8-19,"Yes, I am a professional","xylophone, piano, triangle, ukelele",tune and melody,No,,No,,airpods,Strongly Agree,Neither Agree nor Disagree,Agree,SSS2v0161,38281
2021-12-07 01:08:09,2021-12-07 01:10:08,IP Address,216.165.95.131,100,118,True,2021-12-07 01:10:08,R_2YRFWXXuj49nJGC,,,,,40.73590087890625,-73.9904022216796875,anonymous,EN,19,Female,SONA for course credit,,Chinese (Mandarin),,Detractor,4,2-3,"I studied piano from age 4 to 12, and I have been study singing from 17 to 18","Yes, but not so well",piano,just listen,No,,,,headphone,Strongly Agree,Agree,Agree,SSS2v0164,41983
2021-12-07 03:41:47,2021-12-07 03:43:13,IP Address,38.122.11.250,100,86,True,2021-12-07 03:43:14,R_2Tq7MY1sI2SKcJT,,,,,40.7362060546875,-74.04219818115234375,anonymous,EN,21,Female,SONA for course credit,,Chinese (Mandarin),,Detractor,4,2-3,6-13,"Yes, but not so well",violin,compared the similarity,No,,No,,in-ear,Neither Agree nor Disagree,Agree,Agree,SSS2v0165,39640
2021-12-07 03:46:38,2021-12-07 03:48:15,IP Address,184.152.226.181,100,96,True,2021-12-07 03:48:15,R_28zCE1c3ro6Sl8k,,,,,40.738006591796875,-73.98580169677734375,anonymous,EN,19,Male,SONA for course credit,,Chinese (Mandarin),,Detractor,2,0,,"Yes, but not so well",Saxophone,tone,Yes,I focused on how melodies changed,No,,over the ear headphones,Strongly Agree,Strongly Agree,Agree,SSS2v0166,39580
2021-12-07 13:18:27,2021-12-07 13:20:07,IP Address,216.165.95.147,100,100,True,2021-12-07 13:20:08,R_1lypLywFKfOxGCi,,,,,40.73590087890625,-73.9904022216796875,anonymous,EN,20,Female,SONA for course credit,,English,,Detractor,3,0,,No,,hearing if there were any slight changes in tone,No,,No,,in ear wired earbuds,Strongly Agree,Agree,Agree,SSS2v0171,38871
2021-12-07 14:40:28,2021-12-07 14:42:06,IP Address,68.174.86.94,100,98,True,2021-12-07 14:42:07,R_2t9hQH09dQpnLtz,,,,,40.73590087890625,-73.9904022216796875,anonymous,EN,20,Male,SONA for course credit,,English,,Detractor,1,0,,No,,"If they had the same beats/tones, they were similar to me.",Yes,"The length and duration were also used to come to a conclusion. ",No,,Zoom headphone recorders - provided by Tisch Film,Agree,Agree,Agree,SSS2v0176,42069
2021-12-07 15:06:39,2021-12-07 15:08:27,IP Address,216.165.95.160,100,107,True,2021-12-07 15:08:28,R_2uqsJ22oEzvDIdO,,,,,40.73590087890625,-73.9904022216796875,anonymous,EN,19,Male,SONA for course credit,,English,,Passive,7,6-8,14,"Yes, I do alright",guitar,memorization,No,,No,,"headphones, AirPods",Strongly Agree,Strongly Disagree,Agree,SSS2v0178,42071
2021-12-07 15:08:01,2021-12-07 15:08:52,IP Address,67.243.239.89,100,51,True,2021-12-07 15:08:52,R_3LefAR4UUAksOIx,,,,,40.76300048828125,-73.9925994873046875,anonymous,EN,18,Female,SONA for course credit,,English,,Detractor,3,0,,No,,,No,,No,,,Agree,Strongly Agree,Agree,SSS2v0180,41929
2021-12-07 16:42:09,2021-12-07 16:45:04,IP Address,216.165.95.188,100,174,True,2021-12-07 16:45:05,R_2t53zG4ZO18jNKj,,,,,40.73590087890625,-73.9904022216796875,anonymous,EN,19,Male,SONA for course credit,,Chinese (Mandarin),,Detractor,0,0,,No,,,No,,No,,"I used my AirPods 2. ",Strongly Agree,Agree,Agree,SSS2v0170,41846
2021-12-07 18:00:02,2021-12-07 18:01:31,IP Address,216.165.95.135,100,88,True,2021-12-07 18:01:31,R_1CJ98RfFItLLOPE,,,,,40.73590087890625,-73.9904022216796875,anonymous,EN,21,,SONA for course credit,,Chinese (Mandarin),,Detractor,6,2-3,3-5,No,,,No,,No,,headphones in-ear,Agree,Agree,Agree,SSS2v0185,41531
2021-12-07 18:03:52,2021-12-07 18:05:12,IP Address,216.165.95.130,100,79,True,2021-12-07 18:05:12,R_3sjhu5MdZMywozi,,,,,40.73590087890625,-73.9904022216796875,anonymous,EN,21,Male,SONA for course credit,,Other (please specify below):,Korean,Detractor,0,1,8-9,"Yes, but not so well",Clarinet,Finger tapping for major and minor notes,No,,No,,in-ear headphones,Strongly Agree,Strongly Agree,Agree,SSS2v0184,40625
2021-12-07 18:44:37,2021-12-07 18:46:26,IP Address,98.113.150.226,100,109,True,2021-12-07 18:46:26,R_25sdNoZwyapSn7O,,,,,40.7263031005859375,-73.9817962646484375,anonymous,EN,21,Female,SONA for course credit,,English,,Detractor,2,2-3,7-9,No,Piano,Did not,No,,No,,Airpods,Agree,Agree,Agree,SSS2v0031,40809
2021-12-07 19:59:14,2021-12-07 20:01:49,IP Address,216.165.95.182,100,155,True,2021-12-07 20:01:50,R_2PC460vBzR3HmRt,,,,,40.73590087890625,-73.9904022216796875,anonymous,EN,19,Male,SONA for course credit,,English,,Detractor,3,2-3,12-14,"Yes, I do alright",Trombone,,No,,No,,In-ear(airpods first generation),Agree,Disagree,Agree,SSS2v0155,42260
2021-12-07 20:23:38,2021-12-07 20:25:36,IP Address,70.18.1.30,100,117,True,2021-12-07 20:25:37,R_3GrDyXthCAkOU1Y,,,,,40.760894775390625,-73.9114990234375,anonymous,EN,20,Female,SONA for course credit,,English,,Detractor,6,6-8,11-18,"Yes, I do alright",guitar,checking if the notes are the same if any new notes were added or removed,No,,No,,"airpods ",Agree,Disagree,Agree,SSS2v0175,42349
2021-12-07 20:54:22,2021-12-07 20:59:26,IP Address,108.21.72.238,100,303,True,2021-12-07 20:59:26,R_2AEjNWrJTzCIAF2,,,,,40.7427978515625,-73.97119903564453125,anonymous,EN,22,Male,SONA for course credit,,Chinese (Mandarin),,Detractor,5,4-5,middle school,"Yes, I do alright",clarinet,none,Yes,major to minor,Yes,minor to major,over the ear,Strongly Agree,Agree,Agree,SSS2v0188,42282
2021-12-07 21:06:36,2021-12-07 21:10:37,IP Address,216.165.95.162,100,241,True,2021-12-07 21:10:37,R_26b9FLZxmkERjbi,,,,,40.73590087890625,-73.9904022216796875,anonymous,EN,18,Female,SONA for course credit,,English,,Detractor,1,1,18,"Yes, but not so well",piano,I did not have any strategies,Yes,How high or low the keys that were being played were.,No,,earphones(airpods),Strongly Agree,Disagree,Agree,SSS2v0189,41959
2021-12-07 22:14:08,2021-12-07 22:15:48,IP Address,71.105.236.208,100,100,True,2021-12-07 22:15:49,R_3hhcq6SWBH0C9hb,,,,,40.7252044677734375,-73.944000244140625,anonymous,EN,21,Male,SONA for course credit,,Chinese (Mandarin),,Passive,8,9+,5 or 6 years old,"Yes, I am near professional",violin,,No,,No,,speaker of my laptop,Strongly Agree,Agree,Agree,SSS2v0192,42028
2021-12-07 22:28:26,2021-12-07 22:29:43,IP Address,216.165.95.130,100,76,True,2021-12-07 22:29:43,R_2ElXPPkcWdnn2Lk,,,,,40.73590087890625,-73.9904022216796875,anonymous,EN,18,Female,SONA for course credit,,English,,Detractor,5,0,,No,none,none,No,,No,,in ear,Strongly Agree,Strongly Disagree,Agree,SSS2v0194,41915
2021-12-07 22:41:46,2021-12-07 22:44:19,IP Address,216.165.95.141,100,153,True,2021-12-07 22:44:19,R_27Qmus2LWc8Lwd1,,,,,40.73590087890625,-73.9904022216796875,anonymous,EN,20,Female,SONA for course credit,,English,,Detractor,5,2-3,9-12,"Yes, but not so well","Guitar, violin","No strategy, I just replay the first sound over in my head and look for changes in pitch and tone",No,,No,,in-ear headphones (apple airpod pros),Strongly Agree,Agree,Agree,SSS2v0190,42281
2021-12-07 23:32:57,2021-12-07 23:34:15,IP Address,216.165.95.181,100,77,True,2021-12-07 23:34:16,R_3foCHAWmiNy6tyu,,,,,40.73590087890625,-73.9904022216796875,anonymous,EN,20,Female,SONA for course credit,,English,,Detractor,2,2-3,"7-8, 15-16","Yes, but not so well",ukelele,none,No,,No,,headphones,Strongly Agree,Agree,Agree,SSS2v0197,41662
2021-12-08 00:01:09,2021-12-08 00:02:18,IP Address,108.41.197.61,100,69,True,2021-12-08 00:02:19,R_5mD3CvUCzDjQEGR,,,,,40.694000244140625,-73.9900970458984375,anonymous,EN,19,Male,SONA for course credit,,English,,Detractor,5,0,None,"Yes, I do alright",Guitar for fun,Just by ear,Yes,Just spikes in pitch,Yes,Just something that disturbed my focus,Airpods pro,Strongly Agree,Agree,Agree,SSS2v0196,42034
2021-12-07 23:58:56,2021-12-08 00:02:48,IP Address,72.69.128.191,100,232,True,2021-12-08 00:02:48,R_1pVyFVrDvTBwKAM,,,,,40.7252044677734375,-73.944000244140625,anonymous,EN,19,Female,SONA for course credit,,Chinese (Mandarin),,Detractor,2,6-8,4-12,"Yes, but not so well",piano,count the notes that sound different,Yes,higher or lower tone,No,,in-ear headphones,Strongly Agree,Strongly Agree,Agree,SSS2v0198,42301
2021-12-08 00:05:47,2021-12-08 00:12:52,IP Address,216.165.95.189,100,425,True,2021-12-08 00:12:52,R_e4BuzC92ZEWZv45,,,,,40.73590087890625,-73.9904022216796875,anonymous,EN,18,Female,SONA for course credit,,Chinese (Mandarin),,Detractor,4,2-3,10,"Yes, but not so well",guzheng,seeing if the extra high or extra low pitched tones are the sane as the sample melody,Yes,"some tones are very different than the sample melody, however sometimes the tones are very similar and I can barely hear any differences. Or if I do hear differences, I feel uncertain about my detections.",No,,"headphones, in ear, apple standard ",Strongly Agree,Agree,Agree,SSS2v0195,42086
2021-12-08 00:28:49,2021-12-08 00:33:13,IP Address,72.69.150.181,100,263,True,2021-12-08 00:33:14,R_3pmanJLKongPCfP,,,,,40.7682952880859375,-73.98020172119140625,anonymous,EN,21,Male,SONA for course credit,,English,,Detractor,2,1,12-18,"Yes, but not so well",drums,tones,No,,No,,Headphones,Strongly Agree,Agree,Agree,SSS2v0201,40957
2021-12-08 01:02:01,2021-12-08 01:04:15,IP Address,173.52.209.5,100,133,True,2021-12-08 01:04:15,R_tKuyTnVCySnbWYF,,,,,40.7599945068359375,-73.53179931640625,anonymous,EN,18,Female,SONA for course credit,,English,,Detractor,4,0,,"Yes, but not so well",piano,n/a,No,,No,,in ear earbuds,Strongly Agree,Agree,Agree,SSS2v0173,41475
2021-12-08 03:02:48,2021-12-08 03:03:22,IP Address,98.116.102.108,100,34,True,2021-12-08 03:03:23,R_27JLWdLjfsYd0IZ,,,,,40.75030517578125,-74.00140380859375,anonymous,EN,,Male,SONA for course credit,,Chinese (Mandarin),,Detractor,4,1,,"Yes, I do alright",,,No,,No,,,Disagree,Disagree,Agree,SSS2v0205,39658
2021-12-08 03:04:21,2021-12-08 03:05:53,IP Address,98.13.203.19,100,91,True,2021-12-08 03:05:53,R_Y0vranoATmNcget,,,,,40.71490478515625,-73.9893035888671875,anonymous,EN,19,Female,SONA for course credit,,English,,Detractor,5,4-5,11-16,"Yes, I do alright","Clarinet, piano, flute, cello",I listened for specific notes that were off.,No,,No,,"headphones, in-ear",Strongly Agree,Neither Agree nor Disagree,Agree,SSS2v0204,42359
2021-12-08 04:25:46,2021-12-08 04:27:27,IP Address,209.122.211.134,100,100,True,2021-12-08 04:27:27,R_1Kx6Rw3DOzH5cif,,,,,40.7429046630859375,-73.93920135498046875,anonymous,EN,21,Female,SONA for course credit,,Chinese (Mandarin),,Detractor,3,1,6,"Yes, but not so well",piano,n/a,No,,No,,speaker,Agree,Disagree,Agree,SSS2v0206,42045
2021-12-08 06:10:09,2021-12-08 06:12:07,IP Address,98.15.37.23,100,118,True,2021-12-08 06:12:08,R_2xzO7mjCug6Bcks,,,,,40.7512969970703125,-73.88300323486328125,anonymous,EN,18,Female,SONA for course credit,,English,,Passive,7,9+,11-18,"Yes, I am near professional",piano,"i didnt have one ",No,,No,,in ear headphones,Agree,Strongly Agree,Agree,SSS2v0202,41043
2021-12-08 08:20:08,2021-12-08 08:21:45,IP Address,67.243.217.200,100,97,True,2021-12-08 08:21:45,R_1dH461pBI6hOaLq,,,,,40.7682952880859375,-73.98020172119140625,anonymous,EN,19,Female,SONA for course credit,,English,,Passive,7,9+,5-15,"Yes, but not so well",piano,patterning/tone change,Yes,certain sharp or flat moments,No,,"yes, in ear",Agree,Neither Agree nor Disagree,Agree,SSS2v0207,42126
2021-12-08 08:57:33,2021-12-08 08:59:42,IP Address,100.33.140.111,100,129,True,2021-12-08 08:59:42,R_1pyg8vPUHgucOLn,,,,,40.69940185546875,-73.88829803466796875,anonymous,EN,21,Male,SONA for course credit,,English,,Detractor,2,0,,No,,Changes in pitch,No,,No,,"In-ear, Samsung Galaxy buds +",Strongly Agree,Disagree,Agree,SSS2v0208,39268
2021-12-08 10:37:34,2021-12-08 10:39:21,IP Address,216.165.95.177,100,106,True,2021-12-08 10:39:22,R_2THx013HW08FGWh,,,,,40.73590087890625,-73.9904022216796875,anonymous,EN,19,Female,SONA for course credit,,English,,Detractor,6,2-3,8-11,No,,tried to match the outlier notes,Yes,low or high notes,No,,airpods pro,Strongly Agree,Disagree,Agree,SSS2v0210,41458
2021-12-08 11:02:21,2021-12-08 11:05:10,IP Address,67.243.250.95,100,168,True,2021-12-08 11:05:11,R_4NRXxvAiHJsz6vf,,,,,40.738006591796875,-73.98580169677734375,anonymous,EN,21,Female,SONA for course credit,,English,,Passive,8,6-8,6 to 14,"Yes, I do alright","piano, flute, ukulele",listening for differences in specific notes,Yes,notes (sharps and flats),No,,"over the ear, beats solo 3",Strongly Agree,Agree,Agree,SSS2v0209,42165
2021-12-08 13:43:53,2021-12-08 13:46:23,IP Address,216.165.95.151,100,150,True,2021-12-08 13:46:23,R_3G3uLCA4GL987M7,,,,,40.73590087890625,-73.9904022216796875,anonymous,EN,21,Female,SONA for course credit,,Chinese (Mandarin),,Passive,7,2-3,10-13,"Yes, I do alright",piano and Chinese flute,"The feeling (e.g. playfulness) and the melody themselves ",Yes,sometimes there is one key that is very different from the test stimuli (suddenly very high / very low),No,,in-ear earphones,Strongly Agree,Agree,Agree,SSS2v0213,40947
2021-12-08 16:29:09,2021-12-08 16:31:32,IP Address,74.66.90.202,100,142,True,2021-12-08 16:31:33,R_3jVQoUD8LwFEZnc,,,,,40.73590087890625,-73.9904022216796875,anonymous,EN,20,Male,SONA for course credit,,English,,Passive,7,6-8,6-18,"Yes, but not so well","Saxophone, Tabla, Singing",Rhythm of tonal change and pitch,Yes,There were certain melody comparisons that either started on the second note of the original or were off pitch entirely,No,,I used air pods,Agree,Neither Agree nor Disagree,Agree,SSS2v0217,41469
2021-12-08 17:08:37,2021-12-08 17:12:26,IP Address,74.72.159.26,100,229,True,2021-12-08 17:12:27,R_3foX6AHKMn9rgql,,,,,40.7279052734375,-73.9965972900390625,anonymous,EN,20,Male,SONA for course credit,,English,,Detractor,3,1,12,"Yes, but not so well",Guitar,Visualizing steps,Yes,Low notes that felt out of place in a high melody.,Yes,The melodies eventually included both low and high notes.,in-ear headphones. Apple airpods pro,Strongly Agree,Agree,Agree,SSS2v0219,38643
2021-12-08 17:36:29,2021-12-08 17:39:33,IP Address,207.38.137.25,100,183,True,2021-12-08 17:39:33,R_r0Hcb2g1u7Mipep,,,,,40.7263031005859375,-73.9817962646484375,anonymous,EN,21,Male,SONA for course credit,,English,,Passive,7,4-5,13-18,"Yes, I do alright",Guitar,Base Notation,Yes,While the base note remained the same the alternate note changed,Yes,Later on in the assignment the base note was changed aswell,Over the ear,Strongly Agree,Agree,Agree,SSS2v0220,41919
2021-12-08 19:34:27,2021-12-08 19:35:41,IP Address,98.7.231.0,100,74,True,2021-12-08 19:35:41,R_1ODAk43aIQuzFcp,,,,,40.7156982421875,-74,anonymous,EN,19,Female,SONA for course credit,,Spanish,,Detractor,5,1,12,"Yes, I do alright",piano,i tried to sing along,No,,No,,headphones,Strongly Agree,Neither Agree nor Disagree,Agree,SSS2v0222,42036
2021-12-08 20:50:37,2021-12-08 20:54:05,IP Address,216.165.95.164,100,207,True,2021-12-08 20:54:05,R_5BWuxhd8TYU86sh,,,,,40.73590087890625,-73.9904022216796875,anonymous,EN,19,Female,SONA for course credit,,English,,Detractor,6,6-8,5-13,"Yes, but not so well",piano,i tried to remember when the pitch changes patterns (e.g. goes from increasing to decreasing),No,,No,,airpods,Strongly Agree,Agree,Agree,SSS2v0224,41281
2021-12-08 21:00:39,2021-12-08 21:02:04,IP Address,216.165.95.139,100,85,True,2021-12-08 21:02:05,R_1IFbeLFrTm2nTF9,,,,,40.73590087890625,-73.9904022216796875,anonymous,EN,19,Male,SONA for course credit,,English,,Detractor,4,0,,"Yes, but not so well",Cello,,No,,Yes,Listened for note changes,headphones,Strongly Agree,Neither Agree nor Disagree,Agree,SSS2v0151,42329
2021-12-08 23:12:26,2021-12-08 23:14:19,IP Address,72.229.100.88,100,112,True,2021-12-08 23:14:19,R_1ONSqGrKZjfMaKD,,,,,40.71490478515625,-73.9893035888671875,anonymous,EN,19,Female,SONA for course credit,,English,,Detractor,0,0,,No,,,No,,No,,airpods,Strongly Agree,Strongly Disagree,Agree,SSS2v0229,42101
2021-12-08 23:20:44,2021-12-08 23:22:47,IP Address,184.153.34.71,100,122,True,2021-12-08 23:22:47,R_RELXZwDPr3ag2e5,,,,,40.7653045654296875,-73.95890045166015625,anonymous,EN,22,Male,SONA for course credit,,English,,Detractor,1,0,0,No,na,na,No,,No,,headphones over ear,Neither Agree nor Disagree,Neither Agree nor Disagree,Agree,SSS2v0225,40627
2021-12-08 23:23:25,2021-12-08 23:26:10,IP Address,207.38.151.16,100,164,True,2021-12-08 23:26:10,R_CfZPin2qMaTG3XX,,,,,40.7263031005859375,-73.9817962646484375,anonymous,EN,19,Female,SONA for course credit,,Chinese (Mandarin),,Detractor,5,2-3,7-13,"Yes, but not so well",Chinese Lute,,No,,No,,In-ear,Strongly Agree,Strongly Agree,Agree,SSS2v0227,42314
2021-12-08 23:48:49,2021-12-08 23:50:56,IP Address,74.71.25.191,100,126,True,2021-12-08 23:50:57,R_3n61q6ySXg4RZZB,,,,,40.8000030517578125,-73.9763031005859375,anonymous,EN,22,Female,SONA for course credit,,English,,Promoter,10,9+,4-16,"Yes, I am near professional","violin, piano, flute, guitar",keys,No,,No,,sony mdr-x10,Agree,Agree,Agree,SSS2v0230,42352
2021-12-08 23:58:32,2021-12-09 00:00:35,IP Address,216.165.95.169,100,122,True,2021-12-09 00:00:35,R_1GQduS0MFMa58QG,,,,,40.73590087890625,-73.9904022216796875,anonymous,EN,18,Female,SONA for course credit,,English,,Passive,7,0,,No,,counting each note and its pitch.,Yes,on the pitch of the note.,No,,airpods in ear,Strongly Agree,Agree,Agree,SSS2v0136,41851
2021-12-09 00:39:57,2021-12-09 00:42:20,IP Address,216.165.95.158,100,143,True,2021-12-09 00:42:21,R_cNLy8dpNv72xoDD,,,,,40.73590087890625,-73.9904022216796875,anonymous,EN,19,Female,SONA for course credit,,English,,Detractor,4,2-3,14-18,"Yes, but not so well",guitar,my hands and counting the beats. I also listened to the key,Yes,The keys changed and the volume of the sounds changed,No,,I used headphones (earpods),Agree,Disagree,Agree,SSS2v0234,42002
2021-12-09 03:41:12,2021-12-09 03:42:11,IP Address,66.65.178.214,100,59,True,2021-12-09 03:42:11,R_1r7XXKuVTIphfOM,,,,,40.712005615234375,-74.01629638671875,anonymous,EN,21,Female,SONA for course credit,,English,,Detractor,6,0,,No,,tone,No,,No,,in ear ear buds,Strongly Agree,Agree,Agree,SSS2v0235,41193
2021-12-09 11:03:44,2021-12-09 11:04:28,IP Address,67.245.30.221,100,43,True,2021-12-09 11:04:28,R_OAUaO0Hyal1DZw5,,,,,40.73590087890625,-73.9904022216796875,anonymous,EN,20,Female,SONA for course credit,,English,,Detractor,3,0,,No,,,No,,No,,,Strongly Agree,Disagree,Agree,SSS2v0236,40604
2021-12-09 15:06:08,2021-12-09 15:08:45,IP Address,216.165.95.135,100,156,True,2021-12-09 15:08:45,R_3qCOkRvbmszq4Kz,,,,,40.73590087890625,-73.9904022216796875,anonymous,EN,19,Female,SONA for course credit,,English,,Detractor,1,0,,No,,Singing lyrics in my head,No,,No,,"Yes, in-ear, airpods",Strongly Agree,Strongly Agree,Agree,SSS2v0240,42063
2021-12-09 15:53:06,2021-12-09 15:54:22,IP Address,216.165.95.139,100,75,True,2021-12-09 15:54:22,R_Qi8qvXYZh2p5d9D,,,,,40.73590087890625,-73.9904022216796875,anonymous,EN,19,Female,SONA for course credit,,English,,Detractor,0,0,,No,,,No,,No,,airpods,Strongly Agree,Agree,Agree,SSS2v0211,42318
2021-12-09 16:01:36,2021-12-09 16:06:04,IP Address,216.165.95.162,100,268,True,2021-12-09 16:06:05,R_27BESWaUYO3SP6a,,,,,40.73590087890625,-73.9904022216796875,anonymous,EN,17,Female,SONA for course credit,,English,,Detractor,0,0,,No,,The general strategy I used to judge the similarity across the melodies was listening attentively to hear a difference between the melodies (ex: higher or lower pitch; a longer or shorter note),Yes,Yes I based my discriminations on specific features of the melodies such as if the note was a higher or lower pitch as well as whether or not the options were shorter or longer in length than the test melody.,No,,In-ear; AirPods First Generation,Strongly Agree,Agree,Agree,SSS2v0241,41829
2021-12-09 17:25:48,2021-12-09 17:27:42,IP Address,216.165.95.185,100,114,True,2021-12-09 17:27:43,R_RQ9k17BpXSC2gql,,,,,40.73590087890625,-73.9904022216796875,anonymous,EN,19,Male,SONA for course credit,,English,,Promoter,10,9+,3-19,"Yes, I am near professional",cello,chopping the samples into sections,Yes,there were different notes,No,,over the ear bose qc35 headphones,Agree,Agree,Agree,SSS2v0247,41985
2021-12-09 18:42:16,2021-12-09 18:43:36,IP Address,207.38.171.129,100,80,True,2021-12-09 18:43:36,R_3kdIoy5GkJnXG6z,,,,,40.7787017822265625,-73.91320037841796875,anonymous,EN,18,Female,SONA for course credit,,English,,Detractor,1,0,,"Yes, I do alright",guitar,,No,,No,,in ear headphones,Strongly Agree,Disagree,Agree,SSS2v0248,42017
2021-12-09 18:42:14,2021-12-09 18:45:45,IP Address,216.165.95.143,100,211,True,2021-12-09 18:45:45,R_30obvV9zHY02rr5,,,,,40.73590087890625,-73.9904022216796875,anonymous,EN,23,Female,SONA for course credit,,Other (please specify below):,Korean,Detractor,3,2-3,"10-11, 13-14","Yes, but not so well","piano, flute","tried to memorize general melody of the test sound ",Yes,I based it on specific notes that sounded a little bit off tune,No,,"in-ear, apple wired earpods",Strongly Agree,Strongly Agree,Agree,SSS2v0249,37422
2021-12-09 20:55:51,2021-12-09 20:57:38,IP Address,216.165.95.175,100,106,True,2021-12-09 20:57:38,R_2Tn3B2xseAlkADG,,,,,40.73590087890625,-73.9904022216796875,anonymous,EN,20,Female,SONA for course credit,,English,,Promoter,10,9+,10,"Yes, I am a professional",vocal,pitch,No,,No,,speakers,Strongly Agree,Agree,Agree,SSS2v0255,42334
2021-12-09 20:57:18,2021-12-09 20:58:30,IP Address,216.165.95.139,100,72,True,2021-12-09 20:58:30,R_3EYeAgouiqIIqAJ,,,,,40.73590087890625,-73.9904022216796875,anonymous,EN,18,Female,SONA for course credit,,Other (please specify below):,wolof,Detractor,0,0,,No,,,No,,No,,in ear,Strongly Agree,Agree,Agree,SSS2v0253,41946
2021-12-09 20:57:55,2021-12-09 20:59:50,IP Address,216.165.95.137,100,115,True,2021-12-09 20:59:51,R_25tFrNDhwv8K6wa,,,,,40.73590087890625,-73.9904022216796875,anonymous,EN,18,Female,SONA for course credit,,Chinese (Mandarin),,Passive,7,6-8,6-13,"Yes, but not so well","clarinet, piano, recorder",,Yes,listening closely and feeling,No,,"Hyperx headphones ",Agree,Disagree,Agree,SSS2v0254,42046
2021-12-09 22:18:35,2021-12-09 22:20:45,IP Address,216.165.95.186,100,130,True,2021-12-09 22:20:45,R_2dSxHnG4HTbloFX,,,,,40.73590087890625,-73.9904022216796875,anonymous,EN,21,Female,SONA for course credit,,English,,Detractor,6,4-5,10-14,No,,compared option 1 and 2 together,No,,No,,apple airpods pro,Agree,Neither Agree nor Disagree,Agree,SSS2v0257,39020
2021-12-09 23:21:59,2021-12-09 23:23:21,IP Address,71.167.207.150,100,82,True,2021-12-09 23:23:21,R_ujMqF9gjncXlH45,,,,,41.0281982421875,-73.7787017822265625,anonymous,EN,18,Female,SONA for course credit,,Spanish,,Detractor,5,0,,No,,closing my eyes,No,,No,,,Strongly Agree,Strongly Disagree,Agree,SSS2v0261,41852
2021-12-09 23:33:46,2021-12-09 23:35:37,IP Address,74.71.216.238,100,111,True,2021-12-09 23:35:38,R_3rNY3p8qdsvjTsV,,,,,40.6374969482421875,-74.02159881591796875,anonymous,EN,20,Female,SONA for course credit,,English,,Detractor,6,2-3,13-17,"Yes, but not so well",FLute,Tried to listen for off key notes and count (counting didn't work very well),Yes,Specific off key notes,No,,"Used headphones, over the ear",Agree,Strongly Agree,Agree,SSS2v0260,40241
2021-12-09 23:47:54,2021-12-09 23:49:20,IP Address,216.165.95.190,100,85,True,2021-12-09 23:49:21,R_3GwROtKL3BQmum1,,,,,40.73590087890625,-73.9904022216796875,anonymous,EN,20,Female,SONA for course credit,,Other (please specify below):,Arabic,Detractor,6,2-3,16,No,,brain memory,No,,No,,headphones,Agree,Agree,Agree,SSS2v0262,42173
2021-12-09 23:54:23,2021-12-09 23:57:33,IP Address,74.68.59.252,100,190,True,2021-12-09 23:57:33,R_1LSiuxXUlPCjXwB,,,,,40.70989990234375,-73.95909881591796875,anonymous,EN,21,Male,SONA for course credit,,English,,Detractor,5,2-3,On and off from 12 to 16,"Yes, but not so well","Percussion, Piano",Tried to see if notes were 'out of key',No,,No,,Open back over-the-ear headphones: AKG 7KXX,Strongly Agree,Strongly Agree,Disagree,SSS2v0264,41001
2021-12-10 00:03:53,2021-12-10 00:04:36,IP Address,216.165.95.169,100,42,True,2021-12-10 00:04:37,R_3KvJj82ZeWojTFf,,,,,40.73590087890625,-73.9904022216796875,anonymous,EN,18,Female,SONA for course credit,,English,,Detractor,6,0,,,,,No,,No,,apple airpod pros,Strongly Agree,Agree,Agree,SSS2v0265,41678
2021-12-10 00:05:29,2021-12-10 00:07:03,IP Address,74.71.33.70,100,93,True,2021-12-10 00:07:03,R_306nPswZLdKQkNN,,,,,40.7427978515625,-73.97119903564453125,anonymous,EN,19,Male,SONA for course credit,,English,,Detractor,3,0,,No,,Listen to the end and make bouncing patterns in my head,Yes,"How the melodies bounced back and forth ",No,,Airpods Pro,Strongly Agree,Strongly Agree,Agree,SSS2v0266,39914
2021-12-10 00:17:47,2021-12-10 00:21:35,IP Address,216.165.95.172,100,228,True,2021-12-10 00:21:36,R_2tMvYjdsxGnHW6K,,,,,40.73590087890625,-73.9904022216796875,anonymous,EN,20,Other,SONA for course credit,,English,,Detractor,4,0,,No,,Try to listen for changes in pitch,No,,No,,"over-the-ear, crusher evo skullcandy headphones",Strongly Agree,Disagree,Agree,SSS2v0268,39672
2021-12-10 00:26:29,2021-12-10 00:31:09,IP Address,67.250.254.142,100,279,True,2021-12-10 00:31:09,R_qURPoSAyKGF6UJb,,,,,40.75970458984375,-73.9810028076171875,anonymous,EN,19,Female,SONA for course credit,,English,,Passive,8,9+,4-19,"Yes, I do alright","piano, vocals, flute, electric bass","i try to find which direction the melody is going, like if the notes are going up or down and try to remember the pattern",Yes,"sometimes there would be a note that sounded off in one of the options. like if the test sound was in a major key, then all of a sudden the test sound had a note that didn't belong to that key. I noticed notes that didn't seem like they belonged. sort of like clashing",Yes,sometimes there wasn't clashing but rather I noticed a note that was higher or lower than anything that was in the test sound,"headphones, noise canceling, over the ear",Strongly Agree,Agree,Agree,SSS2v0269,41717
2021-12-10 00:52:41,2021-12-10 00:54:31,IP Address,216.165.95.187,100,109,True,2021-12-10 00:54:31,R_1FKDd1ThCBo1naz,,,,,40.73590087890625,-73.9904022216796875,anonymous,EN,21,Female,SONA for course credit,,Chinese (Mandarin),,Passive,8,2-3,14-18,"Yes, but not so well",piano,feeling,No,,No,,in-ear headphones,Strongly Agree,Agree,Agree,SSS2v0271,42033
2021-12-10 00:50:28,2021-12-10 00:54:33,IP Address,69.200.238.106,100,244,True,2021-12-10 00:54:34,R_CfS2w00s6nfW7aF,,,,,40.694000244140625,-73.9900970458984375,anonymous,EN,20,Male,SONA for course credit,,English,,Detractor,5,0,N/A,"Yes, but not so well",Steel Drums,"Comparing the melody played with the first option and deciding whether they were the same, then based on that I then would either look for differences in the first option and the second option to confirm that the melody played was more different from the first than it was the second.",No,,No,,HyperX over-the-ear headphones,Agree,Strongly Agree,Agree,SSS2v0256,41745
2021-12-10 01:58:07,2021-12-10 01:58:41,IP Address,98.116.102.108,100,34,True,2021-12-10 01:58:42,R_3G6ucfrJuLfDMsp,,,,,40.75030517578125,-74.00140380859375,anonymous,EN,22,Male,SONA for course credit,,Chinese (Mandarin),,Detractor,3,1,,"Yes, but not so well",,,No,,No,,,Neither Agree nor Disagree,Agree,Agree,SSS2v0205,39658
2021-12-10 02:01:24,2021-12-10 02:04:48,IP Address,216.165.95.176,100,204,True,2021-12-10 02:04:49,R_bjBbtX92iRWRgOZ,,,,,40.73590087890625,-73.9904022216796875,anonymous,EN,20,Female,SONA for course credit,,English,,Detractor,3,1,13,"Yes, I do alright",viola and clarinet,no,Yes,different pitches and tones changed and i just assumed that it meant a change in the sounds,,,in-ear headphones,Strongly Agree,Agree,Agree,SSS2v0258,37972
2021-12-10 02:16:45,2021-12-10 02:18:33,IP Address,207.38.153.72,100,107,True,2021-12-10 02:18:34,R_1OQcMrmfGSATeEQ,,,,,40.7263031005859375,-73.9817962646484375,anonymous,EN,21,Male,SONA for course credit,,English,,Detractor,5,1,12-13,"Yes, but not so well",cello,n/a,No,,No,,"yes, steelseries headphones",Strongly Agree,Agree,Agree,SSS2v0259,41009
2021-12-10 02:58:15,2021-12-10 02:59:47,IP Address,216.165.95.136,100,92,True,2021-12-10 02:59:48,R_31a9O1BENsuVhPR,,,,,40.73590087890625,-73.9904022216796875,anonymous,EN,19,Male,SONA for course credit,,English,,Promoter,9,9+,1st Grade to 11th Grade,"Yes, I do alright","Violin, Piano, Voice, Ukulele",Just hear when the melody went up or down in notes,No,,No,,I used in-ear AirPod 2's,Strongly Agree,Neither Agree nor Disagree,Agree,SSS2v0276,41955
2021-12-10 03:10:06,2021-12-10 03:11:22,IP Address,68.175.67.147,100,76,True,2021-12-10 03:11:23,R_2QRm4koXdUJ1dla,,,,,40.7364959716796875,-74.00550079345703125,anonymous,EN,18,Female,SONA for course credit,,English,,Detractor,4,2-3,7-9,"Yes, but not so well","Ukulele, Piano",Checking whether the next note is supposed to go up or down,No,,No,,"Yes, over-ear headphones",Agree,Strongly Agree,Agree,SSS2v0280,39651
2021-12-10 03:20:30,2021-12-10 03:22:51,IP Address,216.165.95.154,100,140,True,2021-12-10 03:22:51,R_237Q47thDlw02b6,,,,,40.73590087890625,-73.9904022216796875,anonymous,EN,18,Female,SONA for course credit,,English,,Detractor,3,1,4-5,No,,I paid closer attention to the beginnings and ends of each option instead of trying to consume each entire melody and trying to judge off of an over-consumption of information,No,,No,,Apple Airpods,Strongly Agree,Disagree,Agree,SSS2v0282,42342
2021-12-10 03:28:17,2021-12-10 03:31:32,IP Address,68.196.126.102,100,194,True,2021-12-10 03:31:33,R_32PC88FRfcU0skq,,,,,40.622100830078125,-73.9810028076171875,anonymous,EN,21,Female,SONA for course credit,,English,,Detractor,3,0,,No,,,No,,Yes,I realized there was an option for when both options seemed the same so I used that a lot after finding out,"Yes, over-the-ear headphones",Agree,Agree,Agree,SSS2v0281,41930
2021-12-10 04:38:46,2021-12-10 04:41:39,IP Address,71.179.161.225,100,173,True,2021-12-10 04:41:39,R_2f0z1HobxOZvpyd,,,,,39.165802001953125,-76.6381988525390625,anonymous,EN,20,Female,SONA for course credit,,English,,Promoter,9,9+,8,"Yes, I am near professional",2,different patterns in progression or different notes played,Yes,i would see if the patterns in notes were similar or if a differnent was played,Yes,"sometimes i tried to see if the pattern went sharp or flat, changing in progression ",in ear,Agree,Neither Agree nor Disagree,Agree,SSS2v0285,42048
2021-12-10 05:25:03,2021-12-10 05:27:20,IP Address,216.165.95.174,100,136,True,2021-12-10 05:27:20,R_1U2IHOFEExhZ6X7,,,,,40.73590087890625,-73.9904022216796875,anonymous,EN,21,Male,SONA for course credit,,Chinese (Mandarin),,Detractor,6,9+,10,"Yes, I do alright",Piano,I just relied on my ear,Yes,"At the later rounds, it became more difficult to tell, but I went off slight note changes in the middle of each melody",Yes,"It was around block 4, I started to realize many of the melodies had similar beginnings and ends, therefore I had to pay more attention to the middle.",headphones (airpods),Agree,Disagree,Agree,SSS2v0263,41840
2021-12-10 05:58:10,2021-12-10 06:00:19,IP Address,216.165.95.191,100,128,True,2021-12-10 06:00:20,R_XHVWa68JCdFRofD,,,,,40.73590087890625,-73.9904022216796875,anonymous,EN,18,Female,SONA for course credit,,Chinese (Mandarin),,Detractor,3,2-3,14,"Yes, but not so well",CELLO,NO STRANGE SOUND,Yes,A SOUND THAT DO NOT FIT THE MELODY,No,,SPEAKERS,Strongly Agree,Agree,Agree,SSS2v0287,41928
2021-12-10 07:58:01,2021-12-10 08:07:38,IP Address,74.88.84.46,100,576,True,2021-12-10 08:07:38,R_20NKyktYrPk9mEO,,,,,40.8730926513671875,-73.87259674072265625,anonymous,EN,19,Female,SONA for course credit,,English,,Detractor,1,1,11-12,No,,"I just tried to listen for anything that stood out in the comparison ",No,,No,,in-ear,Agree,,Agree,SSS2v0288,41776
2021-12-10 08:56:21,2021-12-10 09:01:25,IP Address,216.165.95.140,100,304,True,2021-12-10 09:01:26,R_6EaakErxBYHhaVj,,,,,40.73590087890625,-73.9904022216796875,anonymous,EN,19,Female,SONA for course credit,,Spanish,,Detractor,5,0,,No,,,Yes,I paid attention to the endings and how many beats each melody had.,No,,"earphones, Apple AirPods 2nd generation",Strongly Agree,Agree,Agree,SSS2v0290,42050
2021-12-10 09:05:45,2021-12-10 09:07:15,IP Address,216.165.95.171,100,89,True,2021-12-10 09:07:15,R_3q83gEQilZY9BGB,,,,,40.73590087890625,-73.9904022216796875,anonymous,EN,18,Female,SONA for course credit,,English,,Detractor,3,0,,No,,"I just listened ",No,,No,,"airpods ",Agree,Neither Agree nor Disagree,Agree,SSS2v0167,41588
2021-12-10 09:30:41,2021-12-10 09:32:36,IP Address,68.237.205.60,100,115,True,2021-12-10 09:32:36,R_2XoJEdJYCiITfzo,,,,,40.73590087890625,-73.9904022216796875,anonymous,EN,19,Female,SONA for course credit,,English,,Passive,7,9+,8-18,"Yes, I do alright",violin,focus on the first and last parts of the melodies,No,,No,,headphones (in-ear),Agree,Neither Agree nor Disagree,Agree,SSS2v0129,41624
2021-12-10 09:32:30,2021-12-10 09:38:26,IP Address,74.64.32.16,100,355,True,2021-12-10 09:38:26,R_2bI3D7eqbI0yYRo,,,,,40.7263031005859375,-73.9817962646484375,anonymous,EN,19,Female,SONA for course credit,,Other (please specify below):,Greek,Promoter,9,6-8,9-20,"Yes, I do alright","Piano, ukulele","I mapped out the melody in my mind like it would be played on the piano. So, I memorized the notes' progression going up and down. Then, when I heard the options I naturally heard the inconsistent notes. Sometimes the wrong notes felt more different than wrong progression but similar notes.",Yes,"I  notices changes in both the notes, either flatter or sharper, either in the same harmonic melody or not, and changes in the progression of the notes.",No,,"over-the-ear, JBL Tune 660 Noise Cancelling Bluetooth Wireless On-Ear Headphones - Black",Strongly Agree,Disagree,Agree,SSS2v0010,40189
2021-12-10 09:44:35,2021-12-10 09:46:41,IP Address,74.72.109.210,100,126,True,2021-12-10 09:46:42,R_eyONpfyfpK94p2x,,,,,40.71490478515625,-73.9893035888671875,anonymous,EN,20,Male,SONA for course credit,,English,,Detractor,5,2-3,10-13,"Yes, I do alright",Piano,"Detecting high notes, seeing if they are different",No,,No,,Airpods  in-ear,Strongly Agree,Agree,Agree,SSS2v0267,42090
2021-12-10 16:06:19,2021-12-10 16:08:35,IP Address,207.38.144.169,100,136,True,2021-12-10 16:08:35,R_zURfmngrgfrJMIx,,,,,40.7263031005859375,-73.9817962646484375,anonymous,EN,20,Female,SONA for course credit,,Other (please specify below):,Korean,Detractor,1,0,,"Yes, but not so well",Flute,"I tried my best to memorize the test melody in my head, and then compare it to the other two melodies.",No,,No,,Airpod pro,Agree,Strongly Agree,Agree,SSS2v0246,42149
2021-12-13 15:02:26,2021-12-13 15:03:55,IP Address,8.48.254.244,100,89,True,2021-12-13 15:03:56,R_1ddjW6UlK8kG6f9,,,,,36.0406036376953125,-80.26000213623046875,anonymous,EN,20,Male,SONA for course credit,,English,,Detractor,6,0,,"Yes, but not so well",piano,listening,No,,No,,in-ear,Strongly Agree,Disagree,Agree,SSS2v0296,42211
2021-12-13 17:09:54,2021-12-13 17:11:09,IP Address,207.38.162.128,100,75,True,2021-12-13 17:11:10,R_5duBbJACZ6EJRx7,,,,,40.7429046630859375,-73.93920135498046875,anonymous,EN,22,Female,SONA for course credit,,Chinese (Mandarin),,Detractor,2,1,,"Yes, but not so well",piano,no,No,,No,,,Disagree,Agree,Agree,SSS2v0299,42215
2021-12-13 18:05:49,2021-12-13 18:08:25,IP Address,216.165.95.161,100,155,True,2021-12-13 18:08:25,R_2VkVDpUZgT9LE9c,,,,,40.73590087890625,-73.9904022216796875,anonymous,EN,20,Female,SONA for course credit,,Chinese (Mandarin),,Detractor,6,0,,No,,,Yes,,Yes,,,Strongly Agree,Agree,Agree,SSS2v0300,42328
2021-12-13 18:13:34,2021-12-13 18:18:00,IP Address,68.193.192.192,100,265,True,2021-12-13 18:18:00,R_8hNONz0ekTtTMXL,,,,,40.8343048095703125,-73.92350006103515625,anonymous,EN,19,Female,SONA for course credit,,English,,Detractor,2,2-3,10-13,No,N/A,pitch and notes,Yes,"Sometimes, it sounded like the notes were different in some parts",No,N/A,Headphones(over-the-ear),Strongly Agree,Agree,Agree,SSS2v0301,42039
2021-12-13 19:21:42,2021-12-13 19:23:24,IP Address,100.35.67.52,100,102,True,2021-12-13 19:23:25,R_1FfVOZjruUdZp0R,,,,,40.71820068359375,-74.04759979248046875,anonymous,EN,18,Male,SONA for course credit,,English,,Detractor,3,0,,"Yes, but not so well","piano, guitar",just went off what I heard and felt,No,,No,,"Over-the-ear noise cancelling ",Strongly Agree,Agree,Agree,SSS2v0302,42089
2021-12-13 20:45:31,2021-12-13 20:47:06,IP Address,67.251.153.188,100,94,True,2021-12-13 20:47:06,R_2E0H7rMkXMjCFPe,,,,,40.75970458984375,-73.9810028076171875,anonymous,EN,20,Male,SONA for course credit,,English,,Detractor,6,0,0,No,,first sounds and last sounds,No,,No,,no,Agree,Agree,Agree,SSS2v0306,42331
2021-12-13 21:13:32,2021-12-13 21:14:51,IP Address,108.41.98.150,100,78,True,2021-12-13 21:14:51,R_3JKNNGF41gRtJLC,,,,,40.7427978515625,-73.97119903564453125,anonymous,EN,20,Male,SONA for course credit,,Chinese (Mandarin),,Passive,7,6-8,18,"Yes, I do alright",guitar,listening carefully,No,,No,,in ear,Strongly Agree,Agree,Agree,SSS2v0308,39064
2021-12-13 22:13:31,2021-12-13 22:15:29,IP Address,74.65.203.66,100,118,True,2021-12-13 22:15:29,R_25RcmfIBkCI8u2b,,,,,40.700897216796875,-73.94609832763671875,anonymous,EN,22,Male,SONA for course credit,,English,,Passive,7,0,,"Yes, I do alright",Guitar,,Yes,I looked for changes in pitch,No,,Speakers,Strongly Agree,Disagree,Agree,SSS2v0309,41640
2021-12-13 22:58:57,2021-12-13 23:00:51,IP Address,216.165.95.146,100,113,True,2021-12-13 23:00:52,R_31tFQKDWBihE39c,,,,,40.73590087890625,-73.9904022216796875,anonymous,EN,18,Female,SONA for course credit,,Spanish,,Detractor,2,0,,No,,"attempt to memorize the test melody ",No,,No,,"Airpods ",Strongly Agree,Agree,Agree,SSS2v0312,41733
2021-12-13 23:13:24,2021-12-13 23:14:41,IP Address,67.87.79.172,100,76,True,2021-12-13 23:14:41,R_1FqsJzvau9zmdQU,,,,,40.62139892578125,-73.97049713134765625,anonymous,EN,19,Female,SONA for course credit,,English,,Detractor,5,0,,No,,,Yes,,Yes,,in-ear bluetooth earphones,Strongly Agree,,Agree,SSS2v0307,42026
2021-12-14 00:02:16,2021-12-14 00:06:44,IP Address,108.14.85.20,100,268,True,2021-12-14 00:06:45,R_3oGZxdGsXqCaFZZ,,,,,40.782806396484375,-73.9745025634765625,anonymous,EN,21,Female,SONA for course credit,,Other (please specify below):,Portuguese,Passive,7,9+,8yo-19yo,"Yes, I do alright","guitar, and basic piano","harmony, tempo and rhythm, dynamics (r + l headphones), etc",Yes,i heard specifically a lot of differences in harmony and tempo,Yes,it felt concentrated in one of the strategies (each diff) until the end of the exp,over-the-year (DT 770 PRO 250 OHM),Strongly Agree,Neither Agree nor Disagree,Agree,SSS2v0313,39663
2021-12-14 01:49:24,2021-12-14 01:52:02,IP Address,207.172.175.174,100,157,True,2021-12-14 01:52:02,R_27HHWfFTKPVX1vD,,,,,40.7263031005859375,-73.9817962646484375,anonymous,EN,20,Female,SONA for course credit,,English,,Detractor,2,6-8,9-15,"Yes, but not so well",Clarinet,"Flat/sharp notes, ending note",No,,No,,"In-ear earphones, apple earbuds",Strongly Agree,Strongly Agree,Agree,SSS2v0315,41963
2021-12-14 14:46:03,2021-12-14 14:47:32,IP Address,216.165.95.128,100,89,True,2021-12-14 14:47:33,R_qEYJUC9tDu2aLCN,,,,,40.73590087890625,-73.9904022216796875,anonymous,EN,19,Male,SONA for course credit,,Spanish,,Detractor,6,2-3,11,No,i played piano as a kid,,Yes,,Yes,,,Neither Agree nor Disagree,Neither Agree nor Disagree,Agree,SSS2v0304,41758
2021-12-14 22:41:01,2021-12-14 22:42:02,IP Address,216.165.95.148,100,61,True,2021-12-14 22:42:03,R_1NDDbqiLX8I2EdC,,,,,40.73590087890625,-73.9904022216796875,anonymous,EN,,Female,SONA for course credit,,English,,Detractor,5,0,,No,,,No,,No,,,Strongly Agree,Strongly Agree,Agree,SSS2v0305,41688
